timestamp,lot_id,wafer_id,process_step,recipe_id,rf_power_W,pressure_mTorr,gas_flow_sccm,temperature_C,endpoint_signal
2026-06-09T06:00:00+00:00,L1021,W001,STEP_01,R_ETCH_STD,449.7118,32.4135,84.9109,20.2106,0.8094
2026-06-09T06:02:00+00:00,L1021,W001,STEP_02,R_ETCH_STD,447.0053,32.6662,84.7861,19.9349,0.8106
2026-06-09T06:04:00+00:00,L1021,W001,STEP_03,R_ETCH_STD,450.4646,33.0818,85.5253,20.0332,0.8063
2026-06-09T06:06:00+00:00,L1021,W001,STEP_04,R_ETCH_STD,447.9707,32.6232,86.0489,20.0125,0.8095
2026-06-09T06:08:00+00:00,L1021,W001,STEP_05,R_ETCH_STD,451.0636,31.7732,84.7502,20.1471,0.8144
2026-06-09T06:10:00+00:00,L1021,W002,STEP_01,R_ETCH_STD,449.5187,32.6883,85.1986,20.2347,0.8044
2026-06-09T06:12:00+00:00,L1021,W002,STEP_02,R_ETCH_STD,451.1365,31.7427,82.904,19.8179,0.8054
2026-06-09T06:14:00+00:00,L1021,W002,STEP_03,R_ETCH_STD,451.752,32.8321,84.0247,20.2542,0.805
2026-06-09T06:16:00+00:00,L1021,W002,STEP_04,R_ETCH_STD,449.8275,32.3531,85.0915,20.2456,0.8132
2026-06-09T06:18:00+00:00,L1021,W002,STEP_05,R_ETCH_STD,450.6998,32.825,85.3828,19.8119,0.8064
2026-06-09T06:20:00+00:00,L1021,W003,STEP_01,R_ETCH_STD,449.0601,32.7497,84.7999,20.7007,0.8059
2026-06-09T06:22:00+00:00,L1021,W003,STEP_02,R_ETCH_STD,447.8023,32.8842,86.1375,20.1517,0.8142
2026-06-09T06:24:00+00:00,L1021,W003,STEP_03,R_ETCH_STD,452.8527,32.453,83.8616,19.8404,0.8148
2026-06-09T06:26:00+00:00,L1021,W003,STEP_04,R_ETCH_STD,447.1126,32.5168,85.2026,19.9053,0.8136
2026-06-09T06:28:00+00:00,L1021,W003,STEP_05,R_ETCH_STD,451.1616,33.6607,85.496,19.8172,0.8072
2026-06-09T06:30:00+00:00,L1021,W004,STEP_01,R_ETCH_STD,448.3368,32.9761,84.5465,19.9789,0.8137
2026-06-09T06:32:00+00:00,L1021,W004,STEP_02,R_ETCH_STD,448.5531,32.3532,83.527,19.6753,0.8072
2026-06-09T06:34:00+00:00,L1021,W004,STEP_03,R_ETCH_STD,450.8315,33.0967,84.9852,20.0784,0.8108
2026-06-09T06:36:00+00:00,L1021,W004,STEP_04,R_ETCH_STD,452.1695,32.9467,85.219,19.6967,0.8145
2026-06-09T06:38:00+00:00,L1021,W004,STEP_05,R_ETCH_STD,450.7621,33.1135,84.9761,20.5859,0.8082
2026-06-09T06:40:00+00:00,L1021,W005,STEP_01,R_ETCH_STD,453.1861,32.5576,84.587,19.6615,0.8092
2026-06-09T06:42:00+00:00,L1021,W005,STEP_02,R_ETCH_STD,452.8466,32.9082,85.5511,19.2872,0.8136
2026-06-09T06:44:00+00:00,L1021,W005,STEP_03,R_ETCH_STD,451.1117,32.225,84.4981,19.9993,0.8186
2026-06-09T06:46:00+00:00,L1021,W005,STEP_04,R_ETCH_STD,447.8898,32.2861,86.0894,19.8662,0.8082
2026-06-09T06:48:00+00:00,L1021,W005,STEP_05,R_ETCH_STD,450.1956,31.8794,85.176,19.6371,0.8144
2026-06-09T06:50:00+00:00,L1022,W006,STEP_01,R_ETCH_STD,450.0064,33.6417,85.2247,20.4097,0.8035
2026-06-09T06:52:00+00:00,L1022,W006,STEP_02,R_ETCH_STD,449.7557,32.6616,86.3966,19.4957,0.815
2026-06-09T06:54:00+00:00,L1022,W006,STEP_03,R_ETCH_STD,451.1827,33.2668,85.5699,20.0156,0.8074
2026-06-09T06:56:00+00:00,L1022,W006,STEP_04,R_ETCH_STD,447.5036,32.5977,84.8466,20.6061,0.8069
2026-06-09T06:58:00+00:00,L1022,W006,STEP_05,R_ETCH_STD,450.6408,31.7155,84.6836,20.0783,0.8141
2026-06-09T07:00:00+00:00,L1022,W007,STEP_01,R_ETCH_STD,452.8962,32.4779,84.1062,20.1374,0.8126
2026-06-09T07:02:00+00:00,L1022,W007,STEP_02,R_ETCH_STD,450.9833,32.1499,85.9067,20.0264,0.8135
2026-06-09T07:04:00+00:00,L1022,W007,STEP_03,R_ETCH_STD,452.5481,32.8046,85.2292,20.6458,0.8112
2026-06-09T07:06:00+00:00,L1022,W007,STEP_04,R_ETCH_STD,449.4081,32.556,86.1862,20.0356,0.8126
2026-06-09T07:08:00+00:00,L1022,W007,STEP_05,R_ETCH_STD,452.3915,32.2436,83.6187,20.0898,0.8111
2026-06-09T07:10:00+00:00,L1022,W008,STEP_01,R_ETCH_STD,448.784,32.9355,85.4861,19.7015,0.8126
2026-06-09T07:12:00+00:00,L1022,W008,STEP_02,R_ETCH_STD,449.6078,31.7585,85.3624,19.9864,0.8063
2026-06-09T07:14:00+00:00,L1022,W008,STEP_03,R_ETCH_STD,451.0459,32.744,84.538,20.1201,0.8151
2026-06-09T07:16:00+00:00,L1022,W008,STEP_04,R_ETCH_STD,448.5747,32.6904,85.0022,20.6798,0.8007
2026-06-09T07:18:00+00:00,L1022,W008,STEP_05,R_ETCH_STD,451.3906,32.3469,84.9198,20.5705,0.81
2026-06-09T07:20:00+00:00,L1022,W009,STEP_01,R_ETCH_STD,454.4819,32.2789,85.2804,19.8527,0.8065
2026-06-09T07:22:00+00:00,L1022,W009,STEP_02,R_ETCH_STD,450.125,32.3587,85.162,19.3685,0.82
2026-06-09T07:24:00+00:00,L1022,W009,STEP_03,R_ETCH_STD,449.666,33.3715,84.1943,20.0878,0.8258
2026-06-09T07:26:00+00:00,L1022,W009,STEP_04,R_ETCH_STD,448.2605,31.7524,84.5628,20.1417,0.8135
2026-06-09T07:28:00+00:00,L1022,W009,STEP_05,R_ETCH_STD,452.5807,32.3715,83.7182,19.8695,0.8162
2026-06-09T07:30:00+00:00,L1022,W010,STEP_01,R_ETCH_STD,450.9313,31.5215,84.972,20.4195,0.8206
2026-06-09T07:32:00+00:00,L1022,W010,STEP_02,R_ETCH_STD,451.1234,32.6547,84.0078,19.747,0.8102
2026-06-09T07:34:00+00:00,L1022,W010,STEP_03,R_ETCH_STD,451.0064,32.7901,84.6174,19.6544,0.8061
2026-06-09T07:36:00+00:00,L1022,W010,STEP_04,R_ETCH_STD,447.6861,32.8217,83.1502,19.9,0.8122
2026-06-09T07:38:00+00:00,L1022,W010,STEP_05,R_ETCH_STD,453.044,32.5356,85.801,19.8803,0.8063
2026-06-09T07:40:00+00:00,L1023,W011,STEP_01,R_ETCH_STD,448.6512,33.2637,85.7954,20.1462,0.8267
2026-06-09T07:42:00+00:00,L1023,W011,STEP_02,R_ETCH_STD,449.9353,32.8102,85.2461,19.9334,0.8216
2026-06-09T07:44:00+00:00,L1023,W011,STEP_03,R_ETCH_STD,453.0132,31.8003,84.6801,20.1285,0.8139
2026-06-09T07:46:00+00:00,L1023,W011,STEP_04,R_ETCH_STD,447.3031,31.3722,83.4749,19.9787,0.8095
2026-06-09T07:48:00+00:00,L1023,W011,STEP_05,R_ETCH_STD,450.6904,32.1152,84.0206,19.3931,0.8116
2026-06-09T07:50:00+00:00,L1023,W012,STEP_01,R_ETCH_STD,450.7401,32.9965,85.6326,19.9428,0.8167
2026-06-09T07:52:00+00:00,L1023,W012,STEP_02,R_ETCH_STD,449.7273,32.1696,84.5835,19.8246,0.7992
2026-06-09T07:54:00+00:00,L1023,W012,STEP_03,R_ETCH_STD,450.3127,32.6249,84.7102,19.7858,0.8119
2026-06-09T07:56:00+00:00,L1023,W012,STEP_04,R_ETCH_STD,453.4337,32.5191,84.5939,19.8226,0.8097
2026-06-09T07:58:00+00:00,L1023,W012,STEP_05,R_ETCH_STD,447.4705,32.4374,85.0489,20.5534,0.8147
2026-06-09T08:00:00+00:00,L1023,W013,STEP_01,R_ETCH_STD,452.0681,32.1435,85.5359,19.6582,0.8116
2026-06-09T08:02:00+00:00,L1023,W013,STEP_02,R_ETCH_STD,450.8375,32.1168,86.5995,20.1702,0.8005
2026-06-09T08:04:00+00:00,L1023,W013,STEP_03,R_ETCH_STD,451.1057,32.2963,85.0011,20.1397,0.812
2026-06-09T08:06:00+00:00,L1023,W013,STEP_04,R_ETCH_STD,445.9217,31.9208,85.6181,20.3904,0.8195
2026-06-09T08:08:00+00:00,L1023,W013,STEP_05,R_ETCH_STD,453.6063,31.4722,85.6156,19.4251,0.8181
2026-06-09T08:10:00+00:00,L1023,W014,STEP_01,R_ETCH_STD,450.5067,31.9294,86.6079,20.1932,0.8005
2026-06-09T08:12:00+00:00,L1023,W014,STEP_02,R_ETCH_STD,450.5869,32.1344,85.089,19.8604,0.8169
2026-06-09T08:14:00+00:00,L1023,W014,STEP_03,R_ETCH_STD,447.1534,32.6587,86.4514,19.7519,0.8111
2026-06-09T08:16:00+00:00,L1023,W014,STEP_04,R_ETCH_STD,450.404,32.1551,85.5183,20.0291,0.8053
2026-06-09T08:18:00+00:00,L1023,W014,STEP_05,R_ETCH_STD,453.524,32.8958,84.8663,19.809,0.8061
2026-06-09T08:20:00+00:00,L1023,W015,STEP_01,R_ETCH_STD,452.4619,32.4268,85.3676,19.9447,0.8131
2026-06-09T08:22:00+00:00,L1023,W015,STEP_02,R_ETCH_STD,449.768,32.8819,84.8534,20.2489,0.8134
2026-06-09T08:24:00+00:00,L1023,W015,STEP_03,R_ETCH_STD,449.7668,32.0701,84.2479,19.7778,0.8051
2026-06-09T08:26:00+00:00,L1023,W015,STEP_04,R_ETCH_STD,451.7316,32.4767,86.2561,20.6838,0.8101
2026-06-09T08:28:00+00:00,L1023,W015,STEP_05,R_ETCH_STD,446.904,32.3093,84.9397,19.5535,0.8087
2026-06-09T08:30:00+00:00,L1024,W016,STEP_01,R_ETCH_STD,450.5739,32.2703,84.3853,19.7724,0.8189
2026-06-09T08:32:00+00:00,L1024,W016,STEP_02,R_ETCH_STD,449.6807,32.085,84.7017,20.2863,0.8066
2026-06-09T08:34:00+00:00,L1024,W016,STEP_03,R_ETCH_STD,450.9637,32.8639,85.5993,20.4199,0.8072
2026-06-09T08:36:00+00:00,L1024,W016,STEP_04,R_ETCH_STD,452.2655,32.1036,84.6828,20.3588,0.8141
2026-06-09T08:38:00+00:00,L1024,W016,STEP_05,R_ETCH_STD,450.0042,31.9043,85.4493,19.8109,0.8054
2026-06-09T08:40:00+00:00,L1024,W017,STEP_01,R_ETCH_STD,448.7037,32.6232,83.3032,20.1082,0.8109
2026-06-09T08:42:00+00:00,L1024,W017,STEP_02,R_ETCH_STD,448.8309,33.0185,85.4892,19.8181,0.8066
2026-06-09T08:44:00+00:00,L1024,W017,STEP_03,R_ETCH_STD,451.3903,31.742,84.7339,19.8107,0.8103
2026-06-09T08:46:00+00:00,L1024,W017,STEP_04,R_ETCH_STD,450.4223,32.5184,85.9079,20.0684,0.8084
2026-06-09T08:48:00+00:00,L1024,W017,STEP_05,R_ETCH_STD,447.5783,32.8609,85.4225,20.4352,0.8063
2026-06-09T08:50:00+00:00,L1024,W018,STEP_01,R_ETCH_STD,450.0528,32.4707,84.9299,20.0031,0.8014
2026-06-09T08:52:00+00:00,L1024,W018,STEP_02,R_ETCH_STD,451.65,32.8266,85.9044,20.6749,0.8084
2026-06-09T08:54:00+00:00,L1024,W018,STEP_03,R_ETCH_STD,449.9277,32.5049,86.5537,19.4806,0.8124
2026-06-09T08:56:00+00:00,L1024,W018,STEP_04,R_ETCH_STD,447.0583,31.2092,83.3833,19.5855,0.8153
2026-06-09T08:58:00+00:00,L1024,W018,STEP_05,R_ETCH_STD,448.2633,32.3863,84.0692,20.1833,0.8045
2026-06-09T09:00:00+00:00,L1024,W019,STEP_01,R_ETCH_STD,452.6353,32.0034,84.3881,20.0368,0.8101
2026-06-09T09:02:00+00:00,L1024,W019,STEP_02,R_ETCH_STD,452.8494,32.5602,84.0337,19.8319,0.8071
2026-06-09T09:04:00+00:00,L1024,W019,STEP_03,R_ETCH_STD,451.4501,32.6919,84.9045,20.2609,0.8074
2026-06-09T09:06:00+00:00,L1024,W019,STEP_04,R_ETCH_STD,449.7275,32.5904,86.2225,19.9704,0.8082
2026-06-09T09:08:00+00:00,L1024,W019,STEP_05,R_ETCH_STD,447.9083,32.843,84.5299,20.1031,0.8005
2026-06-09T09:10:00+00:00,L1024,W020,STEP_01,R_ETCH_STD,452.0864,31.834,84.3781,20.3176,0.8033
2026-06-09T09:12:00+00:00,L1024,W020,STEP_02,R_ETCH_STD,449.8411,32.5371,84.2012,20.4029,0.8175
2026-06-09T09:14:00+00:00,L1024,W020,STEP_03,R_ETCH_STD,446.0568,31.7755,85.6466,19.6091,0.8081
2026-06-09T09:16:00+00:00,L1024,W020,STEP_04,R_ETCH_STD,450.2591,32.8459,84.8214,20.0286,0.8061
2026-06-09T09:18:00+00:00,L1024,W020,STEP_05,R_ETCH_STD,452.5847,32.2523,85.2718,19.8465,0.8105
2026-06-09T09:20:00+00:00,L1025,W021,STEP_01,R_ETCH_STD,449.6637,32.4188,84.189,20.2389,0.8171
2026-06-09T09:22:00+00:00,L1025,W021,STEP_02,R_ETCH_STD,450.4863,32.8662,85.6705,20.2784,0.8115
2026-06-09T09:24:00+00:00,L1025,W021,STEP_03,R_ETCH_STD,450.4245,32.932,85.0551,19.7078,0.8101
2026-06-09T09:26:00+00:00,L1025,W021,STEP_04,R_ETCH_STD,446.2232,32.497,85.3307,20.3708,0.8108
2026-06-09T09:28:00+00:00,L1025,W021,STEP_05,R_ETCH_STD,451.8563,32.4997,84.1812,19.5766,0.8052
2026-06-09T09:30:00+00:00,L1025,W022,STEP_01,R_ETCH_STD,447.2677,32.8169,84.8339,20.1711,0.8104
2026-06-09T09:32:00+00:00,L1025,W022,STEP_02,R_ETCH_STD,452.0881,33.0301,84.4837,19.9177,0.8073
2026-06-09T09:34:00+00:00,L1025,W022,STEP_03,R_ETCH_STD,446.7574,32.8376,85.951,19.9981,0.8075
2026-06-09T09:36:00+00:00,L1025,W022,STEP_04,R_ETCH_STD,452.1818,31.3275,85.142,20.043,0.8071
2026-06-09T09:38:00+00:00,L1025,W022,STEP_05,R_ETCH_STD,452.7831,32.9854,84.7911,19.974,0.8081
2026-06-09T09:40:00+00:00,L1025,W023,STEP_01,R_ETCH_STD,448.9758,31.8459,86.104,20.3084,0.814
2026-06-09T09:42:00+00:00,L1025,W023,STEP_02,R_ETCH_STD,447.8113,33.5404,86.5841,20.0564,0.8055
2026-06-09T09:44:00+00:00,L1025,W023,STEP_03,R_ETCH_STD,448.2671,32.7093,84.2696,19.9897,0.8154
2026-06-09T09:46:00+00:00,L1025,W023,STEP_04,R_ETCH_STD,446.9864,33.5029,86.2534,19.6289,0.8029
2026-06-09T09:48:00+00:00,L1025,W023,STEP_05,R_ETCH_STD,449.4332,31.9844,84.789,19.2256,0.8089
2026-06-09T09:50:00+00:00,L1025,W024,STEP_01,R_ETCH_STD,453.6057,31.9417,84.7815,19.5531,0.8132
2026-06-09T09:52:00+00:00,L1025,W024,STEP_02,R_ETCH_STD,449.5494,33.4704,85.1655,19.8883,0.8128
2026-06-09T09:54:00+00:00,L1025,W024,STEP_03,R_ETCH_STD,448.9875,31.8303,85.2416,19.9475,0.8108
2026-06-09T09:56:00+00:00,L1025,W024,STEP_04,R_ETCH_STD,450.7509,32.2448,85.3373,20.5213,0.8045
2026-06-09T09:58:00+00:00,L1025,W024,STEP_05,R_ETCH_STD,453.4749,32.3786,84.3867,20.7282,0.8108
2026-06-09T10:00:00+00:00,L1025,W025,STEP_01,R_ETCH_STD,452.7408,32.9088,83.6555,20.0362,0.8074
2026-06-09T10:02:00+00:00,L1025,W025,STEP_02,R_ETCH_STD,447.3164,31.6141,85.0818,20.1771,0.812
2026-06-09T10:04:00+00:00,L1025,W025,STEP_03,R_ETCH_STD,449.3883,32.1007,84.2105,19.8335,0.8048
2026-06-09T10:06:00+00:00,L1025,W025,STEP_04,R_ETCH_STD,449.5935,32.4886,84.2832,19.9304,0.8062
2026-06-09T10:08:00+00:00,L1025,W025,STEP_05,R_ETCH_STD,449.9911,32.7535,85.1425,20.1416,0.8017
2026-06-09T10:10:00+00:00,L1026,W026,STEP_01,R_ETCH_STD,449.2426,32.6384,85.5129,19.5206,0.8108
2026-06-09T10:12:00+00:00,L1026,W026,STEP_02,R_ETCH_STD,452.4128,32.4107,84.9242,20.1351,0.8112
2026-06-09T10:14:00+00:00,L1026,W026,STEP_03,R_ETCH_STD,451.3493,32.5362,85.122,19.7653,0.8091
2026-06-09T10:16:00+00:00,L1026,W026,STEP_04,R_ETCH_STD,470.5062,33.0479,84.8651,19.8525,0.7942
2026-06-09T10:18:00+00:00,L1026,W026,STEP_05,R_ETCH_STD,448.2906,32.9553,84.2504,19.6827,0.811
2026-06-09T10:20:00+00:00,L1026,W027,STEP_01,R_ETCH_STD,450.2604,32.6488,85.85,19.8763,0.8122
2026-06-09T10:22:00+00:00,L1026,W027,STEP_02,R_ETCH_STD,448.1804,33.1296,85.506,20.161,0.8109
2026-06-09T10:24:00+00:00,L1026,W027,STEP_03,R_ETCH_STD,448.4288,32.3363,85.4014,19.9942,0.8106
2026-06-09T10:26:00+00:00,L1026,W027,STEP_04,R_ETCH_STD,465.2804,33.2405,84.4465,19.675,0.7937
2026-06-09T10:28:00+00:00,L1026,W027,STEP_05,R_ETCH_STD,446.287,32.8493,85.6816,19.984,0.805
2026-06-09T10:30:00+00:00,L1026,W028,STEP_01,R_ETCH_STD,448.1093,32.4244,83.061,20.0541,0.8133
2026-06-09T10:32:00+00:00,L1026,W028,STEP_02,R_ETCH_STD,449.3762,32.2528,85.1456,20.1052,0.8155
2026-06-09T10:34:00+00:00,L1026,W028,STEP_03,R_ETCH_STD,450.0368,32.1551,84.631,20.0546,0.8178
2026-06-09T10:36:00+00:00,L1026,W028,STEP_04,R_ETCH_STD,467.3595,32.6237,84.3039,19.3711,0.794
2026-06-09T10:38:00+00:00,L1026,W028,STEP_05,R_ETCH_STD,447.2774,31.8832,83.4192,19.6646,0.8128
2026-06-09T10:40:00+00:00,L1026,W029,STEP_01,R_ETCH_STD,447.3773,31.6252,85.1426,19.8976,0.8122
2026-06-09T10:42:00+00:00,L1026,W029,STEP_02,R_ETCH_STD,451.4811,32.4958,83.9618,19.9629,0.8125
2026-06-09T10:44:00+00:00,L1026,W029,STEP_03,R_ETCH_STD,448.834,31.7813,85.8821,19.8754,0.808
2026-06-09T10:46:00+00:00,L1026,W029,STEP_04,R_ETCH_STD,468.0319,33.6652,85.2109,19.9,0.7941
2026-06-09T10:48:00+00:00,L1026,W029,STEP_05,R_ETCH_STD,454.294,33.1939,85.5383,19.6633,0.8288
2026-06-09T10:50:00+00:00,L1026,W030,STEP_01,R_ETCH_STD,447.6027,32.3141,84.4401,20.4881,0.8121
2026-06-09T10:52:00+00:00,L1026,W030,STEP_02,R_ETCH_STD,447.1458,32.6338,85.4375,19.9045,0.8039
2026-06-09T10:54:00+00:00,L1026,W030,STEP_03,R_ETCH_STD,448.5499,32.2816,85.0182,19.844,0.8137
2026-06-09T10:56:00+00:00,L1026,W030,STEP_04,R_ETCH_STD,466.1001,32.2843,84.4085,20.4047,0.7935
2026-06-09T10:58:00+00:00,L1026,W030,STEP_05,R_ETCH_STD,454.6816,32.7457,84.0685,19.7497,0.8112
2026-06-09T11:00:00+00:00,L1027,W031,STEP_01,R_ETCH_STD,447.6447,33.6873,84.2073,20.2043,0.8173
2026-06-09T11:02:00+00:00,L1027,W031,STEP_02,R_ETCH_STD,449.7816,32.0021,84.7815,20.1087,0.8144
2026-06-09T11:04:00+00:00,L1027,W031,STEP_03,R_ETCH_STD,450.1134,31.7999,85.0339,19.798,0.7991
2026-06-09T11:06:00+00:00,L1027,W031,STEP_04,R_ETCH_STD,484.6049,33.0838,85.4695,20.5832,0.7785
2026-06-09T11:08:00+00:00,L1027,W031,STEP_05,R_ETCH_STD,448.8536,32.2663,85.551,20.3184,0.8079
2026-06-09T11:10:00+00:00,L1027,W032,STEP_01,R_ETCH_STD,449.7147,33.6035,84.914,19.8544,0.8106
2026-06-09T11:12:00+00:00,L1027,W032,STEP_02,R_ETCH_STD,451.1594,31.9892,84.8013,19.6501,0.8086
2026-06-09T11:14:00+00:00,L1027,W032,STEP_03,R_ETCH_STD,453.7538,32.8709,84.926,19.7201,0.8084
2026-06-09T11:16:00+00:00,L1027,W032,STEP_04,R_ETCH_STD,488.1015,33.5192,86.1603,19.5879,0.7775
2026-06-09T11:18:00+00:00,L1027,W032,STEP_05,R_ETCH_STD,453.4855,31.4961,85.9507,19.4446,0.8095
2026-06-09T11:20:00+00:00,L1027,W033,STEP_01,R_ETCH_STD,449.6549,32.9121,82.4764,19.4247,0.8072
2026-06-09T11:22:00+00:00,L1027,W033,STEP_02,R_ETCH_STD,450.0738,32.0534,84.8233,19.6441,0.808
2026-06-09T11:24:00+00:00,L1027,W033,STEP_03,R_ETCH_STD,448.3065,32.622,85.4651,20.4299,0.8067
2026-06-09T11:26:00+00:00,L1027,W033,STEP_04,R_ETCH_STD,485.364,33.8239,84.7641,19.9844,0.7768
2026-06-09T11:28:00+00:00,L1027,W033,STEP_05,R_ETCH_STD,450.7435,32.0424,84.2344,19.5236,0.8158
2026-06-09T11:30:00+00:00,L1027,W034,STEP_01,R_ETCH_STD,449.7188,33.0747,85.2178,19.489,0.8046
2026-06-09T11:32:00+00:00,L1027,W034,STEP_02,R_ETCH_STD,451.5159,32.1172,84.1277,19.9462,0.8091
2026-06-09T11:34:00+00:00,L1027,W034,STEP_03,R_ETCH_STD,447.9763,32.3369,84.6172,19.223,0.8125
2026-06-09T11:36:00+00:00,L1027,W034,STEP_04,R_ETCH_STD,484.3773,34.4522,84.0799,19.5261,0.7782
2026-06-09T11:38:00+00:00,L1027,W034,STEP_05,R_ETCH_STD,446.8299,32.1819,85.4779,19.9011,0.8017
2026-06-09T11:40:00+00:00,L1027,W035,STEP_01,R_ETCH_STD,450.3761,32.4028,86.0271,20.1766,0.8252
2026-06-09T11:42:00+00:00,L1027,W035,STEP_02,R_ETCH_STD,446.7082,32.4892,84.1467,20.3464,0.8141
2026-06-09T11:44:00+00:00,L1027,W035,STEP_03,R_ETCH_STD,451.5081,32.1113,84.4039,19.3911,0.8185
2026-06-09T11:46:00+00:00,L1027,W035,STEP_04,R_ETCH_STD,487.0164,33.6696,85.7468,20.2253,0.7781
2026-06-09T11:48:00+00:00,L1027,W035,STEP_05,R_ETCH_STD,446.7529,32.1431,85.1564,20.1066,0.8148
2026-06-09T11:50:00+00:00,L1028,W036,STEP_01,R_ETCH_STD,447.9827,32.5636,86.7643,20.2076,0.8144
2026-06-09T11:52:00+00:00,L1028,W036,STEP_02,R_ETCH_STD,449.9616,32.8838,86.4432,20.032,0.8161
2026-06-09T11:54:00+00:00,L1028,W036,STEP_03,R_ETCH_STD,448.2497,32.795,85.7234,19.7744,0.8155
2026-06-09T11:56:00+00:00,L1028,W036,STEP_04,R_ETCH_STD,502.6495,34.0474,84.999,20.5796,0.7616
2026-06-09T11:58:00+00:00,L1028,W036,STEP_05,R_ETCH_STD,451.8716,32.1341,85.062,19.647,0.8071
2026-06-09T12:00:00+00:00,L1028,W037,STEP_01,R_ETCH_STD,451.6713,32.4808,86.161,19.9393,0.809
2026-06-09T12:02:00+00:00,L1028,W037,STEP_02,R_ETCH_STD,452.5534,32.1757,83.7842,20.3904,0.8121
2026-06-09T12:04:00+00:00,L1028,W037,STEP_03,R_ETCH_STD,445.6696,32.5223,84.677,20.5235,0.8064
2026-06-09T12:06:00+00:00,L1028,W037,STEP_04,R_ETCH_STD,502.8385,33.9948,84.1568,19.7899,0.7607
2026-06-09T12:08:00+00:00,L1028,W037,STEP_05,R_ETCH_STD,447.9376,31.6967,83.8022,19.5321,0.8074
2026-06-09T12:10:00+00:00,L1028,W038,STEP_01,R_ETCH_STD,448.6326,31.8868,85.3826,19.9856,0.8078
2026-06-09T12:12:00+00:00,L1028,W038,STEP_02,R_ETCH_STD,449.0721,33.2964,85.1919,20.1426,0.7971
2026-06-09T12:14:00+00:00,L1028,W038,STEP_03,R_ETCH_STD,448.6925,31.4145,84.659,20.112,0.8066
2026-06-09T12:16:00+00:00,L1028,W038,STEP_04,R_ETCH_STD,505.0372,33.9386,85.4606,19.5339,0.7613
2026-06-09T12:18:00+00:00,L1028,W038,STEP_05,R_ETCH_STD,450.8396,32.768,84.8982,20.5819,0.8079
2026-06-09T12:20:00+00:00,L1028,W039,STEP_01,R_ETCH_STD,449.098,31.1202,86.4151,19.8893,0.8041
2026-06-09T12:22:00+00:00,L1028,W039,STEP_02,R_ETCH_STD,452.6418,33.1178,85.0867,19.5695,0.8121
2026-06-09T12:24:00+00:00,L1028,W039,STEP_03,R_ETCH_STD,448.7572,31.9146,85.8347,19.3602,0.8128
2026-06-09T12:26:00+00:00,L1028,W039,STEP_04,R_ETCH_STD,504.9187,35.4755,85.2601,19.3825,0.761
2026-06-09T12:28:00+00:00,L1028,W039,STEP_05,R_ETCH_STD,450.1293,32.6778,85.7847,19.4121,0.8084
2026-06-09T12:30:00+00:00,L1028,W040,STEP_01,R_ETCH_STD,451.9397,33.272,86.4888,19.8829,0.8155
2026-06-09T12:32:00+00:00,L1028,W040,STEP_02,R_ETCH_STD,453.4234,33.099,85.5789,20.2483,0.8061
2026-06-09T12:34:00+00:00,L1028,W040,STEP_03,R_ETCH_STD,447.1055,32.9914,84.7223,19.9916,0.8071
2026-06-09T12:36:00+00:00,L1028,W040,STEP_04,R_ETCH_STD,503.2142,34.5664,84.1825,20.0206,0.7615
2026-06-09T12:38:00+00:00,L1028,W040,STEP_05,R_ETCH_STD,449.8453,32.1282,85.6293,20.5618,0.807
2026-06-09T12:40:00+00:00,L1029,W041,STEP_01,R_ETCH_STD,452.4689,32.9446,82.8774,19.7716,0.8068
2026-06-09T12:42:00+00:00,L1029,W041,STEP_02,R_ETCH_STD,451.5635,32.5942,85.3795,20.1909,0.8055
2026-06-09T12:44:00+00:00,L1029,W041,STEP_03,R_ETCH_STD,448.5069,31.8886,84.8638,19.9643,0.8109
2026-06-09T12:46:00+00:00,L1029,W041,STEP_04,R_ETCH_STD,520.5454,35.5533,85.7337,20.464,0.7456
2026-06-09T12:48:00+00:00,L1029,W041,STEP_05,R_ETCH_STD,450.371,32.8362,85.4878,19.8045,0.8164
2026-06-09T12:50:00+00:00,L1029,W042,STEP_01,R_ETCH_STD,453.437,33.4885,85.0282,20.0973,0.8121
2026-06-09T12:52:00+00:00,L1029,W042,STEP_02,R_ETCH_STD,449.9949,32.8096,84.9031,19.9419,0.8188
2026-06-09T12:54:00+00:00,L1029,W042,STEP_03,R_ETCH_STD,450.3294,32.5335,85.7056,20.0451,0.8115
2026-06-09T12:56:00+00:00,L1029,W042,STEP_04,R_ETCH_STD,521.8729,34.4898,84.9752,19.6589,0.7453
2026-06-09T12:58:00+00:00,L1029,W042,STEP_05,R_ETCH_STD,447.6371,32.9584,85.5994,20.0841,0.8095
2026-06-09T13:00:00+00:00,L1029,W043,STEP_01,R_ETCH_STD,450.8326,31.5175,84.1225,19.9554,0.8117
2026-06-09T13:02:00+00:00,L1029,W043,STEP_02,R_ETCH_STD,449.8412,31.9977,85.1068,19.8639,0.8047
2026-06-09T13:04:00+00:00,L1029,W043,STEP_03,R_ETCH_STD,450.659,32.395,85.9572,20.1997,0.8137
2026-06-09T13:06:00+00:00,L1029,W043,STEP_04,R_ETCH_STD,522.6433,34.6774,84.2515,19.5587,0.7466
2026-06-09T13:08:00+00:00,L1029,W043,STEP_05,R_ETCH_STD,447.8411,32.3951,84.7117,19.9157,0.8071
2026-06-09T13:10:00+00:00,L1029,W044,STEP_01,R_ETCH_STD,446.2633,32.0009,83.8875,19.962,0.8066
2026-06-09T13:12:00+00:00,L1029,W044,STEP_02,R_ETCH_STD,448.6256,32.6079,84.5338,20.2796,0.8081
2026-06-09T13:14:00+00:00,L1029,W044,STEP_03,R_ETCH_STD,450.4503,31.8374,85.5255,19.8784,0.812
2026-06-09T13:16:00+00:00,L1029,W044,STEP_04,R_ETCH_STD,522.66,35.0133,85.174,19.8844,0.7459
2026-06-09T13:18:00+00:00,L1029,W044,STEP_05,R_ETCH_STD,451.8686,32.7412,84.0559,19.6702,0.8067
2026-06-09T13:20:00+00:00,L1029,W045,STEP_01,R_ETCH_STD,449.51,32.724,84.2828,20.3531,0.81
2026-06-09T13:22:00+00:00,L1029,W045,STEP_02,R_ETCH_STD,445.9744,32.2623,82.9319,19.7745,0.8073
2026-06-09T13:24:00+00:00,L1029,W045,STEP_03,R_ETCH_STD,448.7792,32.3374,84.6847,19.8219,0.8175
2026-06-09T13:26:00+00:00,L1029,W045,STEP_04,R_ETCH_STD,524.4298,34.5291,86.0031,19.5136,0.7448
2026-06-09T13:28:00+00:00,L1029,W045,STEP_05,R_ETCH_STD,453.0504,31.3802,85.4598,19.624,0.8093
2026-06-09T13:30:00+00:00,L1030,W046,STEP_01,R_ETCH_STD,449.6396,33.3486,84.3515,19.9793,0.8131
2026-06-09T13:32:00+00:00,L1030,W046,STEP_02,R_ETCH_STD,449.4964,32.089,84.9526,20.0281,0.8144
2026-06-09T13:34:00+00:00,L1030,W046,STEP_03,R_ETCH_STD,448.1139,32.2754,85.2584,19.9498,0.8091
2026-06-09T13:36:00+00:00,L1030,W046,STEP_04,R_ETCH_STD,539.966,35.4021,84.3602,20.1322,0.7285
2026-06-09T13:38:00+00:00,L1030,W046,STEP_05,R_ETCH_STD,452.3308,32.6087,83.9788,20.0849,0.8108
2026-06-09T13:40:00+00:00,L1030,W047,STEP_01,R_ETCH_STD,451.5243,33.0794,84.7069,19.7877,0.807
2026-06-09T13:42:00+00:00,L1030,W047,STEP_02,R_ETCH_STD,448.0378,32.1268,85.2276,20.0046,0.8075
2026-06-09T13:44:00+00:00,L1030,W047,STEP_03,R_ETCH_STD,448.5235,32.6739,84.5987,19.688,0.8092
2026-06-09T13:46:00+00:00,L1030,W047,STEP_04,R_ETCH_STD,539.471,35.215,85.6617,20.2538,0.729
2026-06-09T13:48:00+00:00,L1030,W047,STEP_05,R_ETCH_STD,450.2621,32.7637,84.9753,20.2674,0.8183
2026-06-09T13:50:00+00:00,L1030,W048,STEP_01,R_ETCH_STD,450.161,32.7201,85.6988,19.8986,0.8044
2026-06-09T13:52:00+00:00,L1030,W048,STEP_02,R_ETCH_STD,451.812,31.7156,86.4311,20.2611,0.8109
2026-06-09T13:54:00+00:00,L1030,W048,STEP_03,R_ETCH_STD,450.1022,33.3757,84.243,19.6519,0.807
2026-06-09T13:56:00+00:00,L1030,W048,STEP_04,R_ETCH_STD,539.4764,35.2468,85.1231,20.0408,0.7286
2026-06-09T13:58:00+00:00,L1030,W048,STEP_05,R_ETCH_STD,453.2061,31.804,83.9786,20.1128,0.809
2026-06-09T14:00:00+00:00,L1030,W049,STEP_01,R_ETCH_STD,450.8355,32.1905,84.1733,19.8063,0.8066
2026-06-09T14:02:00+00:00,L1030,W049,STEP_02,R_ETCH_STD,451.05,32.26,85.6091,20.1764,0.8152
2026-06-09T14:04:00+00:00,L1030,W049,STEP_03,R_ETCH_STD,451.8014,32.8922,85.6159,19.845,0.8087
2026-06-09T14:06:00+00:00,L1030,W049,STEP_04,R_ETCH_STD,536.3397,35.8959,84.461,20.1205,0.7293
2026-06-09T14:08:00+00:00,L1030,W049,STEP_05,R_ETCH_STD,447.2958,31.9931,84.7205,19.8447,0.8108
2026-06-09T14:10:00+00:00,L1030,W050,STEP_01,R_ETCH_STD,447.6892,32.5236,83.6492,19.3535,0.8136
2026-06-09T14:12:00+00:00,L1030,W050,STEP_02,R_ETCH_STD,447.3894,32.22,83.8661,19.5773,0.808
2026-06-09T14:14:00+00:00,L1030,W050,STEP_03,R_ETCH_STD,449.1797,32.9913,85.3596,19.9217,0.8138
2026-06-09T14:16:00+00:00,L1030,W050,STEP_04,R_ETCH_STD,542.2331,35.9556,84.6749,20.3056,0.7299
2026-06-09T14:18:00+00:00,L1030,W050,STEP_05,R_ETCH_STD,451.3211,33.3853,85.7413,20.2547,0.8045
2026-06-09T14:20:00+00:00,L1031,W051,STEP_01,R_ETCH_STD,447.7729,32.4753,83.6644,19.8221,0.8143
2026-06-09T14:22:00+00:00,L1031,W051,STEP_02,R_ETCH_STD,448.6697,32.7666,83.919,19.8519,0.8151
2026-06-09T14:24:00+00:00,L1031,W051,STEP_03,R_ETCH_STD,450.417,32.6451,86.3638,20.389,0.8056
2026-06-09T14:26:00+00:00,L1031,W051,STEP_04,R_ETCH_STD,560.6358,36.0924,84.9859,20.0046,0.7133
2026-06-09T14:28:00+00:00,L1031,W051,STEP_05,R_ETCH_STD,447.7415,32.7259,85.4192,20.2435,0.8089
2026-06-09T14:30:00+00:00,L1031,W052,STEP_01,R_ETCH_STD,452.0068,32.1442,85.9176,20.1057,0.803
2026-06-09T14:32:00+00:00,L1031,W052,STEP_02,R_ETCH_STD,450.8158,32.5897,84.7155,19.7791,0.8088
2026-06-09T14:34:00+00:00,L1031,W052,STEP_03,R_ETCH_STD,447.1157,33.3454,84.0974,19.8016,0.8157
2026-06-09T14:36:00+00:00,L1031,W052,STEP_04,R_ETCH_STD,559.1701,36.7601,86.2134,19.9064,0.7123
2026-06-09T14:38:00+00:00,L1031,W052,STEP_05,R_ETCH_STD,451.6885,32.8981,84.7385,19.6203,0.8162
2026-06-09T14:40:00+00:00,L1031,W053,STEP_01,R_ETCH_STD,451.1517,31.8133,85.624,19.5677,0.8076
2026-06-09T14:42:00+00:00,L1031,W053,STEP_02,R_ETCH_STD,447.7534,32.1811,84.3334,19.816,0.8136
2026-06-09T14:44:00+00:00,L1031,W053,STEP_03,R_ETCH_STD,450.5892,32.8144,85.8739,19.8882,0.8104
2026-06-09T14:46:00+00:00,L1031,W053,STEP_04,R_ETCH_STD,559.0763,37.2534,85.7193,20.4145,0.7133
2026-06-09T14:48:00+00:00,L1031,W053,STEP_05,R_ETCH_STD,452.1145,31.6077,85.7047,20.0639,0.8103
2026-06-09T14:50:00+00:00,L1031,W054,STEP_01,R_ETCH_STD,448.9455,32.2874,85.3329,20.252,0.8025
2026-06-09T14:52:00+00:00,L1031,W054,STEP_02,R_ETCH_STD,450.4362,32.2197,84.2394,20.1178,0.8084
2026-06-09T14:54:00+00:00,L1031,W054,STEP_03,R_ETCH_STD,448.6819,32.1154,85.225,19.997,0.8045
2026-06-09T14:56:00+00:00,L1031,W054,STEP_04,R_ETCH_STD,556.318,36.3087,85.3241,19.6851,0.713
2026-06-09T14:58:00+00:00,L1031,W054,STEP_05,R_ETCH_STD,448.352,33.8639,84.2472,19.763,0.811
2026-06-09T15:00:00+00:00,L1031,W055,STEP_01,R_ETCH_STD,448.1952,32.9138,86.4411,19.8837,0.8109
2026-06-09T15:02:00+00:00,L1031,W055,STEP_02,R_ETCH_STD,448.9645,32.5,86.1454,20.2683,0.8055
2026-06-09T15:04:00+00:00,L1031,W055,STEP_03,R_ETCH_STD,453.0918,33.081,85.3891,19.8022,0.8103
2026-06-09T15:06:00+00:00,L1031,W055,STEP_04,R_ETCH_STD,556.4091,36.6338,84.7468,19.3295,0.7133
2026-06-09T15:08:00+00:00,L1031,W055,STEP_05,R_ETCH_STD,450.3829,33.0392,84.8911,20.0565,0.8156
2026-06-09T15:10:00+00:00,L1032,W056,STEP_01,R_ETCH_STD,450.7756,32.644,87.5715,19.9493,0.8108
2026-06-09T15:12:00+00:00,L1032,W056,STEP_02,R_ETCH_STD,453.4681,32.0975,84.1672,19.5704,0.8127
2026-06-09T15:14:00+00:00,L1032,W056,STEP_03,R_ETCH_STD,451.2513,32.8707,83.9172,20.3018,0.816
2026-06-09T15:16:00+00:00,L1032,W056,STEP_04,R_ETCH_STD,575.8054,37.0663,85.5405,20.1101,0.6969
2026-06-09T15:18:00+00:00,L1032,W056,STEP_05,R_ETCH_STD,447.8278,32.4127,84.03,20.1894,0.8127
2026-06-09T15:20:00+00:00,L1032,W057,STEP_01,R_ETCH_STD,449.8024,32.6484,83.7548,20.2574,0.8077
2026-06-09T15:22:00+00:00,L1032,W057,STEP_02,R_ETCH_STD,450.2581,33.0577,84.3948,20.3592,0.8106
2026-06-09T15:24:00+00:00,L1032,W057,STEP_03,R_ETCH_STD,450.0564,32.778,84.0024,20.1782,0.8103
2026-06-09T15:26:00+00:00,L1032,W057,STEP_04,R_ETCH_STD,578.0726,36.9416,84.7093,20.1109,0.6966
2026-06-09T15:28:00+00:00,L1032,W057,STEP_05,R_ETCH_STD,447.6521,32.403,86.0141,19.9721,0.8056
2026-06-09T15:30:00+00:00,L1032,W058,STEP_01,R_ETCH_STD,451.4319,31.5733,83.3038,19.9988,0.8109
2026-06-09T15:32:00+00:00,L1032,W058,STEP_02,R_ETCH_STD,450.4408,32.0536,84.8796,19.5804,0.8111
2026-06-09T15:34:00+00:00,L1032,W058,STEP_03,R_ETCH_STD,446.7694,32.4254,85.2093,19.473,0.8074
2026-06-09T15:36:00+00:00,L1032,W058,STEP_04,R_ETCH_STD,577.5763,37.8245,83.7968,20.102,0.696
2026-06-09T15:38:00+00:00,L1032,W058,STEP_05,R_ETCH_STD,447.3095,33.298,85.5345,19.7587,0.8111
2026-06-09T15:40:00+00:00,L1032,W059,STEP_01,R_ETCH_STD,451.2839,32.5906,86.7978,20.1817,0.795
2026-06-09T15:42:00+00:00,L1032,W059,STEP_02,R_ETCH_STD,449.4196,32.1317,84.8367,20.004,0.8067
2026-06-09T15:44:00+00:00,L1032,W059,STEP_03,R_ETCH_STD,447.8302,33.1817,85.4779,19.7988,0.8134
2026-06-09T15:46:00+00:00,L1032,W059,STEP_04,R_ETCH_STD,577.3504,37.6837,84.1557,20.234,0.6963
2026-06-09T15:48:00+00:00,L1032,W059,STEP_05,R_ETCH_STD,452.3101,32.4038,83.1826,20.0106,0.8011
2026-06-09T15:50:00+00:00,L1032,W060,STEP_01,R_ETCH_STD,449.5657,32.4709,84.679,19.5539,0.8044
2026-06-09T15:52:00+00:00,L1032,W060,STEP_02,R_ETCH_STD,448.3108,32.3759,86.0308,20.2127,0.8076
2026-06-09T15:54:00+00:00,L1032,W060,STEP_03,R_ETCH_STD,452.5478,31.816,85.548,19.9474,0.8112
2026-06-09T15:56:00+00:00,L1032,W060,STEP_04,R_ETCH_STD,577.2769,36.7102,85.6409,19.9972,0.6978
2026-06-09T15:58:00+00:00,L1032,W060,STEP_05,R_ETCH_STD,449.3915,33.1346,85.5177,19.6478,0.8168
2026-06-09T16:00:00+00:00,L1033,W061,STEP_01,R_ETCH_STD,447.8792,31.384,85.6827,20.3207,0.8103
2026-06-09T16:02:00+00:00,L1033,W061,STEP_02,R_ETCH_STD,449.478,33.2918,85.5695,19.8032,0.8137
2026-06-09T16:04:00+00:00,L1033,W061,STEP_03,R_ETCH_STD,447.5134,32.2205,84.1591,19.34,0.8041
2026-06-09T16:06:00+00:00,L1033,W061,STEP_04,R_ETCH_STD,596.4447,37.1511,84.56,19.6517,0.6808
2026-06-09T16:08:00+00:00,L1033,W061,STEP_05,R_ETCH_STD,450.0024,32.7454,84.9155,19.6487,0.8051
2026-06-09T16:10:00+00:00,L1033,W062,STEP_01,R_ETCH_STD,451.6745,32.4713,85.6195,19.0512,0.8156
2026-06-09T16:12:00+00:00,L1033,W062,STEP_02,R_ETCH_STD,449.0121,33.5864,84.5914,20.0085,0.8133
2026-06-09T16:14:00+00:00,L1033,W062,STEP_03,R_ETCH_STD,448.2484,32.9364,84.4838,20.3867,0.814
2026-06-09T16:16:00+00:00,L1033,W062,STEP_04,R_ETCH_STD,594.9913,37.3379,84.8315,20.09,0.6794
2026-06-09T16:18:00+00:00,L1033,W062,STEP_05,R_ETCH_STD,448.8965,32.969,83.9855,20.3837,0.8069
2026-06-09T16:20:00+00:00,L1033,W063,STEP_01,R_ETCH_STD,450.6465,31.9262,85.3875,20.1388,0.8157
2026-06-09T16:22:00+00:00,L1033,W063,STEP_02,R_ETCH_STD,452.7081,33.1268,85.1671,19.6322,0.8166
2026-06-09T16:24:00+00:00,L1033,W063,STEP_03,R_ETCH_STD,447.3917,32.2806,85.5897,20.1331,0.818
2026-06-09T16:26:00+00:00,L1033,W063,STEP_04,R_ETCH_STD,593.9919,36.855,84.7798,20.0522,0.6802
2026-06-09T16:28:00+00:00,L1033,W063,STEP_05,R_ETCH_STD,452.8249,32.3762,83.8513,20.14,0.8043
2026-06-09T16:30:00+00:00,L1033,W064,STEP_01,R_ETCH_STD,453.3998,32.635,83.8774,20.3238,0.8218
2026-06-09T16:32:00+00:00,L1033,W064,STEP_02,R_ETCH_STD,445.9919,32.9515,85.3872,20.0527,0.8117
2026-06-09T16:34:00+00:00,L1033,W064,STEP_03,R_ETCH_STD,450.9838,32.1535,86.1288,19.5951,0.8198
2026-06-09T16:36:00+00:00,L1033,W064,STEP_04,R_ETCH_STD,597.0554,37.1069,84.9957,20.426,0.6802
2026-06-09T16:38:00+00:00,L1033,W064,STEP_05,R_ETCH_STD,449.6752,32.2988,85.934,19.8177,0.81
2026-06-09T16:40:00+00:00,L1033,W065,STEP_01,R_ETCH_STD,451.0804,32.3962,84.3069,19.5975,0.8024
2026-06-09T16:42:00+00:00,L1033,W065,STEP_02,R_ETCH_STD,447.6404,31.6397,84.4185,20.0901,0.8103
2026-06-09T16:44:00+00:00,L1033,W065,STEP_03,R_ETCH_STD,448.3467,31.991,84.2053,19.5836,0.8038
2026-06-09T16:46:00+00:00,L1033,W065,STEP_04,R_ETCH_STD,595.4287,36.9977,85.0139,19.8146,0.6816
2026-06-09T16:48:00+00:00,L1033,W065,STEP_05,R_ETCH_STD,446.4061,32.5967,84.733,19.7687,0.8116
2026-06-09T16:50:00+00:00,L1034,W066,STEP_01,R_ETCH_STD,450.3112,31.9655,85.341,20.1168,0.8165
2026-06-09T16:52:00+00:00,L1034,W066,STEP_02,R_ETCH_STD,448.7801,33.2352,84.8425,19.4072,0.8126
2026-06-09T16:54:00+00:00,L1034,W066,STEP_03,R_ETCH_STD,449.8368,32.0588,85.7466,19.8585,0.8151
2026-06-09T16:56:00+00:00,L1034,W066,STEP_04,R_ETCH_STD,611.8346,38.7252,85.5436,20.142,0.6637
2026-06-09T16:58:00+00:00,L1034,W066,STEP_05,R_ETCH_STD,451.8394,32.5109,86.6018,20.1436,0.8138
2026-06-09T17:00:00+00:00,L1034,W067,STEP_01,R_ETCH_STD,448.4702,32.2969,85.0774,19.6489,0.8041
2026-06-09T17:02:00+00:00,L1034,W067,STEP_02,R_ETCH_STD,449.7828,32.4611,85.1617,20.3351,0.808
2026-06-09T17:04:00+00:00,L1034,W067,STEP_03,R_ETCH_STD,451.3618,32.4277,84.8448,20.0771,0.7997
2026-06-09T17:06:00+00:00,L1034,W067,STEP_04,R_ETCH_STD,612.1327,38.0309,84.2561,19.4339,0.664
2026-06-09T17:08:00+00:00,L1034,W067,STEP_05,R_ETCH_STD,446.2451,32.9351,84.8086,19.4954,0.8066
2026-06-09T17:10:00+00:00,L1034,W068,STEP_01,R_ETCH_STD,451.5099,32.2026,84.775,19.8892,0.8094
2026-06-09T17:12:00+00:00,L1034,W068,STEP_02,R_ETCH_STD,446.6005,32.4773,84.5535,20.8861,0.8089
2026-06-09T17:14:00+00:00,L1034,W068,STEP_03,R_ETCH_STD,449.0888,32.9942,84.8752,20.076,0.8056
2026-06-09T17:16:00+00:00,L1034,W068,STEP_04,R_ETCH_STD,615.1105,38.0362,85.3003,20.3397,0.664
2026-06-09T17:18:00+00:00,L1034,W068,STEP_05,R_ETCH_STD,449.9997,32.7933,85.5461,19.673,0.8109
2026-06-09T17:20:00+00:00,L1034,W069,STEP_01,R_ETCH_STD,448.1093,32.1273,84.4813,20.3648,0.818
2026-06-09T17:22:00+00:00,L1034,W069,STEP_02,R_ETCH_STD,455.2109,32.4717,84.3269,19.7092,0.818
2026-06-09T17:24:00+00:00,L1034,W069,STEP_03,R_ETCH_STD,446.9232,32.3415,84.5471,20.525,0.8049
2026-06-09T17:26:00+00:00,L1034,W069,STEP_04,R_ETCH_STD,614.2033,39.0067,84.8666,20.1396,0.6634
2026-06-09T17:28:00+00:00,L1034,W069,STEP_05,R_ETCH_STD,449.8236,32.3925,82.9363,20.1246,0.8118
2026-06-09T17:30:00+00:00,L1034,W070,STEP_01,R_ETCH_STD,446.6132,31.7939,84.4006,19.8412,0.8085
2026-06-09T17:32:00+00:00,L1034,W070,STEP_02,R_ETCH_STD,448.0838,31.9961,85.2452,19.8574,0.8095
2026-06-09T17:34:00+00:00,L1034,W070,STEP_03,R_ETCH_STD,449.5406,32.7286,84.8766,20.2585,0.8105
2026-06-09T17:36:00+00:00,L1034,W070,STEP_04,R_ETCH_STD,613.7781,38.9735,83.8316,20.2766,0.6651
2026-06-09T17:38:00+00:00,L1034,W070,STEP_05,R_ETCH_STD,448.0549,32.4841,84.7142,20.1323,0.8126
2026-06-09T17:40:00+00:00,L1035,W071,STEP_01,R_ETCH_STD,448.6614,33.1563,84.3147,19.9585,0.8151
2026-06-09T17:42:00+00:00,L1035,W071,STEP_02,R_ETCH_STD,453.9069,32.2437,85.6258,20.066,0.8021
2026-06-09T17:44:00+00:00,L1035,W071,STEP_03,R_ETCH_STD,448.0896,31.8976,84.5973,19.875,0.8101
2026-06-09T17:46:00+00:00,L1035,W071,STEP_04,R_ETCH_STD,632.5554,39.2112,87.1225,19.927,0.6484
2026-06-09T17:48:00+00:00,L1035,W071,STEP_05,R_ETCH_STD,450.8288,33.2533,84.697,20.2536,0.8181
2026-06-09T17:50:00+00:00,L1035,W072,STEP_01,R_ETCH_STD,448.5584,32.4626,85.4034,19.8696,0.8056
2026-06-09T17:52:00+00:00,L1035,W072,STEP_02,R_ETCH_STD,453.6655,32.3852,86.3873,19.8475,0.809
2026-06-09T17:54:00+00:00,L1035,W072,STEP_03,R_ETCH_STD,451.5943,32.397,84.2809,19.784,0.8114
2026-06-09T17:56:00+00:00,L1035,W072,STEP_04,R_ETCH_STD,628.6678,39.044,83.1942,19.8326,0.6479
2026-06-09T17:58:00+00:00,L1035,W072,STEP_05,R_ETCH_STD,448.9747,32.0032,84.2932,20.0212,0.8174
2026-06-09T18:00:00+00:00,L1035,W073,STEP_01,R_ETCH_STD,447.2031,32.3619,85.7816,20.1003,0.8095
2026-06-09T18:02:00+00:00,L1035,W073,STEP_02,R_ETCH_STD,449.0986,32.5066,84.9191,19.3441,0.8064
2026-06-09T18:04:00+00:00,L1035,W073,STEP_03,R_ETCH_STD,446.1008,33.1455,85.6581,19.7635,0.814
2026-06-09T18:06:00+00:00,L1035,W073,STEP_04,R_ETCH_STD,634.8973,38.6885,86.0394,20.1088,0.6479
2026-06-09T18:08:00+00:00,L1035,W073,STEP_05,R_ETCH_STD,447.7882,32.222,84.6841,19.3053,0.8127
2026-06-09T18:10:00+00:00,L1035,W074,STEP_01,R_ETCH_STD,449.3565,32.7296,84.6646,20.8995,0.8017
2026-06-09T18:12:00+00:00,L1035,W074,STEP_02,R_ETCH_STD,448.1339,32.8526,86.8868,19.7023,0.8191
2026-06-09T18:14:00+00:00,L1035,W074,STEP_03,R_ETCH_STD,448.1659,33.1467,85.0603,20.669,0.8189
2026-06-09T18:16:00+00:00,L1035,W074,STEP_04,R_ETCH_STD,628.7046,40.4679,84.1007,19.9059,0.6489
2026-06-09T18:18:00+00:00,L1035,W074,STEP_05,R_ETCH_STD,448.5304,32.1793,85.1045,20.1357,0.8119
2026-06-09T18:20:00+00:00,L1035,W075,STEP_01,R_ETCH_STD,448.5086,32.5984,85.5099,20.4512,0.8116
2026-06-09T18:22:00+00:00,L1035,W075,STEP_02,R_ETCH_STD,447.494,32.5142,84.5035,20.3957,0.8016
2026-06-09T18:24:00+00:00,L1035,W075,STEP_03,R_ETCH_STD,451.1195,31.9673,86.0176,20.2313,0.8111
2026-06-09T18:26:00+00:00,L1035,W075,STEP_04,R_ETCH_STD,631.0099,38.8316,85.5406,19.9851,0.6484
2026-06-09T18:28:00+00:00,L1035,W075,STEP_05,R_ETCH_STD,450.1172,31.2594,84.5891,20.4552,0.8173
2026-06-09T18:30:00+00:00,L1036,W076,STEP_01,R_ETCH_STD,450.2091,32.437,84.7318,20.1892,0.8129
2026-06-09T18:32:00+00:00,L1036,W076,STEP_02,R_ETCH_STD,448.0418,32.8308,85.9863,19.7135,0.8091
2026-06-09T18:34:00+00:00,L1036,W076,STEP_03,R_ETCH_STD,450.9271,32.8614,84.6636,19.8414,0.8077
2026-06-09T18:36:00+00:00,L1036,W076,STEP_04,R_ETCH_STD,648.7705,39.8646,84.9845,19.5907,0.6313
2026-06-09T18:38:00+00:00,L1036,W076,STEP_05,R_ETCH_STD,451.2736,31.8895,85.1811,19.8918,0.807
2026-06-09T18:40:00+00:00,L1036,W077,STEP_01,R_ETCH_STD,450.0534,33.3382,85.2311,19.9113,0.8026
2026-06-09T18:42:00+00:00,L1036,W077,STEP_02,R_ETCH_STD,451.0245,33.0684,85.4859,20.3498,0.8124
2026-06-09T18:44:00+00:00,L1036,W077,STEP_03,R_ETCH_STD,447.3935,32.4775,85.4199,20.2163,0.8075
2026-06-09T18:46:00+00:00,L1036,W077,STEP_04,R_ETCH_STD,647.8733,39.8329,86.017,20.3016,0.6321
2026-06-09T18:48:00+00:00,L1036,W077,STEP_05,R_ETCH_STD,450.7924,31.9874,84.1192,19.9724,0.8152
2026-06-09T18:50:00+00:00,L1036,W078,STEP_01,R_ETCH_STD,450.7907,32.7805,83.7988,19.5615,0.8156
2026-06-09T18:52:00+00:00,L1036,W078,STEP_02,R_ETCH_STD,449.9307,31.8432,85.7057,20.0774,0.8248
2026-06-09T18:54:00+00:00,L1036,W078,STEP_03,R_ETCH_STD,452.5,32.6733,84.8791,20.0697,0.8095
2026-06-09T18:56:00+00:00,L1036,W078,STEP_04,R_ETCH_STD,645.1224,40.1138,85.2199,19.1736,0.6315
2026-06-09T18:58:00+00:00,L1036,W078,STEP_05,R_ETCH_STD,448.3425,32.9904,84.9648,20.4462,0.802
2026-06-09T19:00:00+00:00,L1036,W079,STEP_01,R_ETCH_STD,447.8484,33.0335,84.4758,19.6824,0.8074
2026-06-09T19:02:00+00:00,L1036,W079,STEP_02,R_ETCH_STD,448.4804,32.7697,85.8945,19.5239,0.8085
2026-06-09T19:04:00+00:00,L1036,W079,STEP_03,R_ETCH_STD,450.0285,32.5411,85.6666,20.036,0.8071
2026-06-09T19:06:00+00:00,L1036,W079,STEP_04,R_ETCH_STD,645.7762,38.7376,84.7031,20.0043,0.6323
2026-06-09T19:08:00+00:00,L1036,W079,STEP_05,R_ETCH_STD,449.2445,33.6619,84.9388,19.855,0.8119
2026-06-09T19:10:00+00:00,L1036,W080,STEP_01,R_ETCH_STD,448.0589,32.6045,83.3487,20.2028,0.8103
2026-06-09T19:12:00+00:00,L1036,W080,STEP_02,R_ETCH_STD,450.4211,32.5774,83.981,19.7304,0.8178
2026-06-09T19:14:00+00:00,L1036,W080,STEP_03,R_ETCH_STD,450.9892,32.2014,85.3369,20.1223,0.8198
2026-06-09T19:16:00+00:00,L1036,W080,STEP_04,R_ETCH_STD,650.2207,39.8556,84.6407,20.5351,0.6317
2026-06-09T19:18:00+00:00,L1036,W080,STEP_05,R_ETCH_STD,448.259,31.8899,84.3101,19.8908,0.8138
2026-06-09T19:20:00+00:00,L1037,W081,STEP_01,R_ETCH_STD,451.8264,33.0755,85.1224,20.2494,0.8213
2026-06-09T19:22:00+00:00,L1037,W081,STEP_02,R_ETCH_STD,451.8206,33.3014,83.7915,19.7775,0.8062
2026-06-09T19:24:00+00:00,L1037,W081,STEP_03,R_ETCH_STD,444.6459,32.5368,86.114,19.8394,0.811
2026-06-09T19:26:00+00:00,L1037,W081,STEP_04,R_ETCH_STD,664.2919,40.0541,85.2282,19.6413,0.6162
2026-06-09T19:28:00+00:00,L1037,W081,STEP_05,R_ETCH_STD,446.1625,32.6611,84.6068,20.4467,0.8138
2026-06-09T19:30:00+00:00,L1037,W082,STEP_01,R_ETCH_STD,445.8317,31.2888,84.1989,19.8493,0.8091
2026-06-09T19:32:00+00:00,L1037,W082,STEP_02,R_ETCH_STD,450.0605,32.8368,83.9072,19.4598,0.8113
2026-06-09T19:34:00+00:00,L1037,W082,STEP_03,R_ETCH_STD,449.278,32.4483,84.4865,19.948,0.8174
2026-06-09T19:36:00+00:00,L1037,W082,STEP_04,R_ETCH_STD,662.7535,39.6872,85.5133,20.4702,0.6155
2026-06-09T19:38:00+00:00,L1037,W082,STEP_05,R_ETCH_STD,447.4746,31.4994,85.2084,19.6252,0.8209
2026-06-09T19:40:00+00:00,L1037,W083,STEP_01,R_ETCH_STD,454.6832,32.6132,85.3884,19.9646,0.8157
2026-06-09T19:42:00+00:00,L1037,W083,STEP_02,R_ETCH_STD,449.9939,32.5317,86.0883,20.1879,0.8207
2026-06-09T19:44:00+00:00,L1037,W083,STEP_03,R_ETCH_STD,446.7263,32.2222,84.2769,20.2525,0.8075
2026-06-09T19:46:00+00:00,L1037,W083,STEP_04,R_ETCH_STD,667.2047,39.7155,84.9245,20.6891,0.6164
2026-06-09T19:48:00+00:00,L1037,W083,STEP_05,R_ETCH_STD,446.2429,32.6823,85.6611,19.852,0.8045
2026-06-09T19:50:00+00:00,L1037,W084,STEP_01,R_ETCH_STD,451.324,32.5504,85.442,19.9526,0.8217
2026-06-09T19:52:00+00:00,L1037,W084,STEP_02,R_ETCH_STD,448.1723,32.252,85.4119,20.2195,0.8031
2026-06-09T19:54:00+00:00,L1037,W084,STEP_03,R_ETCH_STD,452.5946,31.7709,85.0051,19.9079,0.8065
2026-06-09T19:56:00+00:00,L1037,W084,STEP_04,R_ETCH_STD,668.2665,39.1265,84.4154,19.7292,0.616
2026-06-09T19:58:00+00:00,L1037,W084,STEP_05,R_ETCH_STD,453.1008,32.8877,86.1162,19.3326,0.8108
2026-06-09T20:00:00+00:00,L1037,W085,STEP_01,R_ETCH_STD,447.2339,32.3125,85.1957,20.0284,0.8169
2026-06-09T20:02:00+00:00,L1037,W085,STEP_02,R_ETCH_STD,446.0427,32.0821,83.8155,19.5084,0.815
2026-06-09T20:04:00+00:00,L1037,W085,STEP_03,R_ETCH_STD,450.3648,33.2783,85.9482,20.0204,0.8052
2026-06-09T20:06:00+00:00,L1037,W085,STEP_04,R_ETCH_STD,667.9836,39.9542,84.0405,19.6549,0.6157
2026-06-09T20:08:00+00:00,L1037,W085,STEP_05,R_ETCH_STD,452.5311,32.5263,85.9795,20.0274,0.8079
2026-06-09T20:10:00+00:00,L1038,W086,STEP_01,R_ETCH_STD,455.4423,33.4105,85.1575,19.7503,0.802
2026-06-09T20:12:00+00:00,L1038,W086,STEP_02,R_ETCH_STD,450.8027,32.3722,85.3736,20.0969,0.8122
2026-06-09T20:14:00+00:00,L1038,W086,STEP_03,R_ETCH_STD,452.2845,32.6571,84.4212,19.7688,0.8129
2026-06-09T20:16:00+00:00,L1038,W086,STEP_04,R_ETCH_STD,681.8563,41.3092,85.5714,19.9868,0.599
2026-06-09T20:18:00+00:00,L1038,W086,STEP_05,R_ETCH_STD,446.4473,31.938,83.6993,20.008,0.8078
2026-06-09T20:20:00+00:00,L1038,W087,STEP_01,R_ETCH_STD,448.1587,32.9363,85.1035,20.0143,0.8128
2026-06-09T20:22:00+00:00,L1038,W087,STEP_02,R_ETCH_STD,452.0729,31.6986,85.5653,19.4573,0.806
2026-06-09T20:24:00+00:00,L1038,W087,STEP_03,R_ETCH_STD,452.0243,32.8456,85.5318,20.0546,0.8171
2026-06-09T20:26:00+00:00,L1038,W087,STEP_04,R_ETCH_STD,680.9184,40.7974,85.0379,20.6106,0.5999
2026-06-09T20:28:00+00:00,L1038,W087,STEP_05,R_ETCH_STD,452.0769,32.1193,86.7997,20.1415,0.805
2026-06-09T20:30:00+00:00,L1038,W088,STEP_01,R_ETCH_STD,454.6907,31.7865,84.305,19.9298,0.8051
2026-06-09T20:32:00+00:00,L1038,W088,STEP_02,R_ETCH_STD,451.0544,32.6384,85.0908,20.5681,0.8018
2026-06-09T20:34:00+00:00,L1038,W088,STEP_03,R_ETCH_STD,452.7328,32.0877,86.1697,20.5716,0.8215
2026-06-09T20:36:00+00:00,L1038,W088,STEP_04,R_ETCH_STD,683.619,40.3684,85.2623,19.984,0.5985
2026-06-09T20:38:00+00:00,L1038,W088,STEP_05,R_ETCH_STD,451.4711,32.0387,86.1536,20.2895,0.8086
2026-06-09T20:40:00+00:00,L1038,W089,STEP_01,R_ETCH_STD,450.0723,32.3787,84.6341,20.9295,0.8053
2026-06-09T20:42:00+00:00,L1038,W089,STEP_02,R_ETCH_STD,450.1107,32.9957,84.6925,19.8114,0.8034
2026-06-09T20:44:00+00:00,L1038,W089,STEP_03,R_ETCH_STD,452.3841,32.856,85.3759,19.5474,0.8125
2026-06-09T20:46:00+00:00,L1038,W089,STEP_04,R_ETCH_STD,684.5706,40.781,83.8986,19.983,0.599
2026-06-09T20:48:00+00:00,L1038,W089,STEP_05,R_ETCH_STD,450.1601,32.5317,84.7295,20.2646,0.8097
2026-06-09T20:50:00+00:00,L1038,W090,STEP_01,R_ETCH_STD,451.0582,32.7092,85.8065,19.7108,0.8083
2026-06-09T20:52:00+00:00,L1038,W090,STEP_02,R_ETCH_STD,451.844,32.5768,85.9006,20.2236,0.8078
2026-06-09T20:54:00+00:00,L1038,W090,STEP_03,R_ETCH_STD,451.761,32.3713,85.7653,20.5561,0.8155
2026-06-09T20:56:00+00:00,L1038,W090,STEP_04,R_ETCH_STD,688.579,40.1742,84.5613,19.9201,0.5992
2026-06-09T20:58:00+00:00,L1038,W090,STEP_05,R_ETCH_STD,450.7449,32.3159,85.8849,20.2954,0.8121
2026-06-09T21:00:00+00:00,L1039,W091,STEP_01,R_ETCH_STD,447.9756,32.7737,85.5394,20.1062,0.8102
2026-06-09T21:02:00+00:00,L1039,W091,STEP_02,R_ETCH_STD,452.8007,32.2258,84.7066,20.2001,0.8127
2026-06-09T21:04:00+00:00,L1039,W091,STEP_03,R_ETCH_STD,451.7052,32.358,83.9482,19.6287,0.8078
2026-06-09T21:06:00+00:00,L1039,W091,STEP_04,R_ETCH_STD,703.5849,41.9961,83.5473,20.1602,0.5832
2026-06-09T21:08:00+00:00,L1039,W091,STEP_05,R_ETCH_STD,447.9158,33.5954,85.2112,20.2482,0.8228
2026-06-09T21:10:00+00:00,L1039,W092,STEP_01,R_ETCH_STD,448.8378,32.3016,86.1912,19.6077,0.8104
2026-06-09T21:12:00+00:00,L1039,W092,STEP_02,R_ETCH_STD,450.0924,32.9851,85.3243,19.726,0.8149
2026-06-09T21:14:00+00:00,L1039,W092,STEP_03,R_ETCH_STD,451.6903,31.9745,84.4498,19.8423,0.8043
2026-06-09T21:16:00+00:00,L1039,W092,STEP_04,R_ETCH_STD,704.1293,41.4381,84.7777,19.6887,0.583
2026-06-09T21:18:00+00:00,L1039,W092,STEP_05,R_ETCH_STD,452.9699,32.8741,83.7061,19.7031,0.8132
2026-06-09T21:20:00+00:00,L1039,W093,STEP_01,R_ETCH_STD,449.0038,32.2234,84.3116,19.6007,0.8105
2026-06-09T21:22:00+00:00,L1039,W093,STEP_02,R_ETCH_STD,449.2395,33.0702,84.9466,19.7104,0.8135
2026-06-09T21:24:00+00:00,L1039,W093,STEP_03,R_ETCH_STD,452.6923,32.1321,83.6379,19.8563,0.8033
2026-06-09T21:26:00+00:00,L1039,W093,STEP_04,R_ETCH_STD,705.2832,40.9061,84.7378,20.4421,0.5836
2026-06-09T21:28:00+00:00,L1039,W093,STEP_05,R_ETCH_STD,448.9727,32.1085,84.8548,19.928,0.8175
2026-06-09T21:30:00+00:00,L1039,W094,STEP_01,R_ETCH_STD,449.6907,31.825,85.7886,20.311,0.8089
2026-06-09T21:32:00+00:00,L1039,W094,STEP_02,R_ETCH_STD,451.5443,32.5256,84.0346,19.9757,0.8043
2026-06-09T21:34:00+00:00,L1039,W094,STEP_03,R_ETCH_STD,448.7317,32.0306,85.2663,20.0559,0.8034
2026-06-09T21:36:00+00:00,L1039,W094,STEP_04,R_ETCH_STD,700.1603,41.5987,85.3715,20.0217,0.5821
2026-06-09T21:38:00+00:00,L1039,W094,STEP_05,R_ETCH_STD,452.5738,33.3862,86.267,20.1632,0.8134
2026-06-09T21:40:00+00:00,L1039,W095,STEP_01,R_ETCH_STD,448.6916,32.5943,84.0955,20.0365,0.8029
2026-06-09T21:42:00+00:00,L1039,W095,STEP_02,R_ETCH_STD,451.1704,32.3227,85.6137,20.0548,0.8077
2026-06-09T21:44:00+00:00,L1039,W095,STEP_03,R_ETCH_STD,451.6867,31.9133,84.7881,19.8387,0.8137
2026-06-09T21:46:00+00:00,L1039,W095,STEP_04,R_ETCH_STD,701.849,41.735,85.4204,19.2962,0.5827
2026-06-09T21:48:00+00:00,L1039,W095,STEP_05,R_ETCH_STD,450.2319,33.0062,85.4581,20.3932,0.8089
2026-06-09T21:50:00+00:00,L1040,W096,STEP_01,R_ETCH_STD,450.2014,32.2501,84.6515,19.7509,0.8073
2026-06-09T21:52:00+00:00,L1040,W096,STEP_02,R_ETCH_STD,449.6191,32.1742,85.0213,19.4544,0.8121
2026-06-09T21:54:00+00:00,L1040,W096,STEP_03,R_ETCH_STD,450.3549,32.7231,84.6292,19.8475,0.8149
2026-06-09T21:56:00+00:00,L1040,W096,STEP_04,R_ETCH_STD,719.691,43.2433,83.8751,19.9258,0.5664
2026-06-09T21:58:00+00:00,L1040,W096,STEP_05,R_ETCH_STD,448.4265,32.105,84.6154,20.2349,0.8043
2026-06-09T22:00:00+00:00,L1040,W097,STEP_01,R_ETCH_STD,451.22,31.7796,84.6756,20.3959,0.8123
2026-06-09T22:02:00+00:00,L1040,W097,STEP_02,R_ETCH_STD,450.5446,32.8151,85.4608,20.1884,0.817
2026-06-09T22:04:00+00:00,L1040,W097,STEP_03,R_ETCH_STD,447.9231,32.4646,85.5098,20.2249,0.8128
2026-06-09T22:06:00+00:00,L1040,W097,STEP_04,R_ETCH_STD,722.6131,41.9995,83.9202,20.3817,0.567
2026-06-09T22:08:00+00:00,L1040,W097,STEP_05,R_ETCH_STD,448.9026,32.5179,84.6542,20.3019,0.8145
2026-06-09T22:10:00+00:00,L1040,W098,STEP_01,R_ETCH_STD,450.6235,32.7704,85.0261,20.308,0.7982
2026-06-09T22:12:00+00:00,L1040,W098,STEP_02,R_ETCH_STD,447.6636,32.48,84.6692,19.7148,0.8131
2026-06-09T22:14:00+00:00,L1040,W098,STEP_03,R_ETCH_STD,448.0432,32.6087,85.0994,20.0173,0.8059
2026-06-09T22:16:00+00:00,L1040,W098,STEP_04,R_ETCH_STD,719.6137,42.8635,85.4348,20.2889,0.567
2026-06-09T22:18:00+00:00,L1040,W098,STEP_05,R_ETCH_STD,446.5954,32.2668,84.8795,20.3905,0.8157
2026-06-09T22:20:00+00:00,L1040,W099,STEP_01,R_ETCH_STD,450.8497,32.0717,85.1028,19.9215,0.8088
2026-06-09T22:22:00+00:00,L1040,W099,STEP_02,R_ETCH_STD,447.533,32.732,84.9761,20.2413,0.8027
2026-06-09T22:24:00+00:00,L1040,W099,STEP_03,R_ETCH_STD,447.746,34.3231,84.296,20.0863,0.8122
2026-06-09T22:26:00+00:00,L1040,W099,STEP_04,R_ETCH_STD,718.0356,43.1138,84.9475,20.0448,0.5679
2026-06-09T22:28:00+00:00,L1040,W099,STEP_05,R_ETCH_STD,448.418,32.2562,84.7236,19.5882,0.8114
2026-06-09T22:30:00+00:00,L1040,W100,STEP_01,R_ETCH_STD,450.9461,32.5917,85.5247,20.2597,0.8117
2026-06-09T22:32:00+00:00,L1040,W100,STEP_02,R_ETCH_STD,449.5171,33.1102,84.4427,20.4189,0.809
2026-06-09T22:34:00+00:00,L1040,W100,STEP_03,R_ETCH_STD,451.5296,33.4133,83.1882,19.9423,0.808
2026-06-09T22:36:00+00:00,L1040,W100,STEP_04,R_ETCH_STD,723.4148,42.0466,87.1832,19.5416,0.5672
2026-06-09T22:38:00+00:00,L1040,W100,STEP_05,R_ETCH_STD,449.2274,32.7525,84.5479,19.8647,0.8009
