wafer_id,lot_id,die_row,die_col,bin_result,bin_code
W001,L1021,0,0,PASS,1
W001,L1021,0,1,PASS,1
W001,L1021,0,2,PASS,1
W001,L1021,0,3,PASS,1
W001,L1021,0,4,PASS,1
W001,L1021,1,0,PASS,1
W001,L1021,1,1,PASS,1
W001,L1021,1,2,PASS,1
W001,L1021,1,3,PASS,1
W001,L1021,1,4,PASS,1
W001,L1021,2,0,PASS,1
W001,L1021,2,1,PASS,1
W001,L1021,2,2,PASS,1
W001,L1021,2,3,PASS,1
W001,L1021,2,4,PASS,1
W001,L1021,3,0,PASS,1
W001,L1021,3,1,PASS,1
W001,L1021,3,2,PASS,1
W001,L1021,3,3,PASS,1
W001,L1021,3,4,FAIL,3
W001,L1021,4,0,PASS,1
W001,L1021,4,1,PASS,1
W001,L1021,4,2,PASS,1
W001,L1021,4,3,PASS,1
W001,L1021,4,4,PASS,1
W002,L1021,0,0,PASS,1
W002,L1021,0,1,PASS,1
W002,L1021,0,2,PASS,1
W002,L1021,0,3,PASS,1
W002,L1021,0,4,PASS,1
W002,L1021,1,0,PASS,1
W002,L1021,1,1,PASS,1
W002,L1021,1,2,PASS,1
W002,L1021,1,3,PASS,1
W002,L1021,1,4,PASS,1
W002,L1021,2,0,PASS,1
W002,L1021,2,1,PASS,1
W002,L1021,2,2,PASS,1
W002,L1021,2,3,PASS,1
W002,L1021,2,4,PASS,1
W002,L1021,3,0,PASS,1
W002,L1021,3,1,PASS,1
W002,L1021,3,2,PASS,1
W002,L1021,3,3,PASS,1
W002,L1021,3,4,PASS,1
W002,L1021,4,0,PASS,1
W002,L1021,4,1,PASS,1
W002,L1021,4,2,PASS,1
W002,L1021,4,3,PASS,1
W002,L1021,4,4,PASS,1
W003,L1021,0,0,PASS,1
W003,L1021,0,1,PASS,1
W003,L1021,0,2,PASS,1
W003,L1021,0,3,PASS,1
W003,L1021,0,4,PASS,1
W003,L1021,1,0,PASS,1
W003,L1021,1,1,PASS,1
W003,L1021,1,2,PASS,1
W003,L1021,1,3,PASS,1
W003,L1021,1,4,PASS,1
W003,L1021,2,0,PASS,1
W003,L1021,2,1,PASS,1
W003,L1021,2,2,PASS,1
W003,L1021,2,3,PASS,1
W003,L1021,2,4,PASS,1
W003,L1021,3,0,PASS,1
W003,L1021,3,1,PASS,1
W003,L1021,3,2,PASS,1
W003,L1021,3,3,PASS,1
W003,L1021,3,4,PASS,1
W003,L1021,4,0,PASS,1
W003,L1021,4,1,PASS,1
W003,L1021,4,2,PASS,1
W003,L1021,4,3,PASS,1
W003,L1021,4,4,PASS,1
W004,L1021,0,0,PASS,1
W004,L1021,0,1,PASS,1
W004,L1021,0,2,PASS,1
W004,L1021,0,3,PASS,1
W004,L1021,0,4,PASS,1
W004,L1021,1,0,PASS,1
W004,L1021,1,1,PASS,1
W004,L1021,1,2,PASS,1
W004,L1021,1,3,PASS,1
W004,L1021,1,4,PASS,1
W004,L1021,2,0,PASS,1
W004,L1021,2,1,PASS,1
W004,L1021,2,2,PASS,1
W004,L1021,2,3,PASS,1
W004,L1021,2,4,PASS,1
W004,L1021,3,0,PASS,1
W004,L1021,3,1,PASS,1
W004,L1021,3,2,PASS,1
W004,L1021,3,3,PASS,1
W004,L1021,3,4,PASS,1
W004,L1021,4,0,PASS,1
W004,L1021,4,1,PASS,1
W004,L1021,4,2,PASS,1
W004,L1021,4,3,PASS,1
W004,L1021,4,4,FAIL,5
W005,L1021,0,0,PASS,1
W005,L1021,0,1,PASS,1
W005,L1021,0,2,PASS,1
W005,L1021,0,3,PASS,1
W005,L1021,0,4,PASS,1
W005,L1021,1,0,PASS,1
W005,L1021,1,1,PASS,1
W005,L1021,1,2,FAIL,5
W005,L1021,1,3,PASS,1
W005,L1021,1,4,PASS,1
W005,L1021,2,0,PASS,1
W005,L1021,2,1,PASS,1
W005,L1021,2,2,PASS,1
W005,L1021,2,3,PASS,1
W005,L1021,2,4,PASS,1
W005,L1021,3,0,PASS,1
W005,L1021,3,1,PASS,1
W005,L1021,3,2,PASS,1
W005,L1021,3,3,PASS,1
W005,L1021,3,4,PASS,1
W005,L1021,4,0,PASS,1
W005,L1021,4,1,PASS,1
W005,L1021,4,2,FAIL,4
W005,L1021,4,3,PASS,1
W005,L1021,4,4,PASS,1
W006,L1022,0,0,PASS,1
W006,L1022,0,1,PASS,1
W006,L1022,0,2,PASS,1
W006,L1022,0,3,PASS,1
W006,L1022,0,4,PASS,1
W006,L1022,1,0,PASS,1
W006,L1022,1,1,PASS,1
W006,L1022,1,2,PASS,1
W006,L1022,1,3,PASS,1
W006,L1022,1,4,PASS,1
W006,L1022,2,0,PASS,1
W006,L1022,2,1,PASS,1
W006,L1022,2,2,PASS,1
W006,L1022,2,3,PASS,1
W006,L1022,2,4,PASS,1
W006,L1022,3,0,PASS,1
W006,L1022,3,1,PASS,1
W006,L1022,3,2,PASS,1
W006,L1022,3,3,PASS,1
W006,L1022,3,4,PASS,1
W006,L1022,4,0,PASS,1
W006,L1022,4,1,PASS,1
W006,L1022,4,2,PASS,1
W006,L1022,4,3,PASS,1
W006,L1022,4,4,PASS,1
W007,L1022,0,0,PASS,1
W007,L1022,0,1,PASS,1
W007,L1022,0,2,PASS,1
W007,L1022,0,3,PASS,1
W007,L1022,0,4,PASS,1
W007,L1022,1,0,PASS,1
W007,L1022,1,1,PASS,1
W007,L1022,1,2,FAIL,5
W007,L1022,1,3,PASS,1
W007,L1022,1,4,PASS,1
W007,L1022,2,0,PASS,1
W007,L1022,2,1,PASS,1
W007,L1022,2,2,PASS,1
W007,L1022,2,3,PASS,1
W007,L1022,2,4,PASS,1
W007,L1022,3,0,PASS,1
W007,L1022,3,1,PASS,1
W007,L1022,3,2,PASS,1
W007,L1022,3,3,PASS,1
W007,L1022,3,4,PASS,1
W007,L1022,4,0,PASS,1
W007,L1022,4,1,PASS,1
W007,L1022,4,2,PASS,1
W007,L1022,4,3,PASS,1
W007,L1022,4,4,PASS,1
W008,L1022,0,0,PASS,1
W008,L1022,0,1,PASS,1
W008,L1022,0,2,PASS,1
W008,L1022,0,3,PASS,1
W008,L1022,0,4,PASS,1
W008,L1022,1,0,PASS,1
W008,L1022,1,1,PASS,1
W008,L1022,1,2,PASS,1
W008,L1022,1,3,PASS,1
W008,L1022,1,4,PASS,1
W008,L1022,2,0,PASS,1
W008,L1022,2,1,PASS,1
W008,L1022,2,2,PASS,1
W008,L1022,2,3,PASS,1
W008,L1022,2,4,PASS,1
W008,L1022,3,0,PASS,1
W008,L1022,3,1,PASS,1
W008,L1022,3,2,PASS,1
W008,L1022,3,3,PASS,1
W008,L1022,3,4,PASS,1
W008,L1022,4,0,PASS,1
W008,L1022,4,1,PASS,1
W008,L1022,4,2,PASS,1
W008,L1022,4,3,PASS,1
W008,L1022,4,4,PASS,1
W009,L1022,0,0,PASS,1
W009,L1022,0,1,PASS,1
W009,L1022,0,2,PASS,1
W009,L1022,0,3,PASS,1
W009,L1022,0,4,PASS,1
W009,L1022,1,0,PASS,1
W009,L1022,1,1,PASS,1
W009,L1022,1,2,PASS,1
W009,L1022,1,3,PASS,1
W009,L1022,1,4,PASS,1
W009,L1022,2,0,PASS,1
W009,L1022,2,1,PASS,1
W009,L1022,2,2,PASS,1
W009,L1022,2,3,PASS,1
W009,L1022,2,4,PASS,1
W009,L1022,3,0,PASS,1
W009,L1022,3,1,PASS,1
W009,L1022,3,2,PASS,1
W009,L1022,3,3,PASS,1
W009,L1022,3,4,PASS,1
W009,L1022,4,0,PASS,1
W009,L1022,4,1,PASS,1
W009,L1022,4,2,PASS,1
W009,L1022,4,3,PASS,1
W009,L1022,4,4,PASS,1
W010,L1022,0,0,PASS,1
W010,L1022,0,1,PASS,1
W010,L1022,0,2,PASS,1
W010,L1022,0,3,PASS,1
W010,L1022,0,4,PASS,1
W010,L1022,1,0,PASS,1
W010,L1022,1,1,PASS,1
W010,L1022,1,2,PASS,1
W010,L1022,1,3,PASS,1
W010,L1022,1,4,PASS,1
W010,L1022,2,0,PASS,1
W010,L1022,2,1,PASS,1
W010,L1022,2,2,PASS,1
W010,L1022,2,3,PASS,1
W010,L1022,2,4,PASS,1
W010,L1022,3,0,PASS,1
W010,L1022,3,1,PASS,1
W010,L1022,3,2,PASS,1
W010,L1022,3,3,PASS,1
W010,L1022,3,4,PASS,1
W010,L1022,4,0,PASS,1
W010,L1022,4,1,PASS,1
W010,L1022,4,2,PASS,1
W010,L1022,4,3,PASS,1
W010,L1022,4,4,PASS,1
W011,L1023,0,0,PASS,1
W011,L1023,0,1,PASS,1
W011,L1023,0,2,PASS,1
W011,L1023,0,3,PASS,1
W011,L1023,0,4,PASS,1
W011,L1023,1,0,PASS,1
W011,L1023,1,1,PASS,1
W011,L1023,1,2,PASS,1
W011,L1023,1,3,PASS,1
W011,L1023,1,4,PASS,1
W011,L1023,2,0,PASS,1
W011,L1023,2,1,PASS,1
W011,L1023,2,2,PASS,1
W011,L1023,2,3,PASS,1
W011,L1023,2,4,PASS,1
W011,L1023,3,0,PASS,1
W011,L1023,3,1,FAIL,5
W011,L1023,3,2,PASS,1
W011,L1023,3,3,PASS,1
W011,L1023,3,4,PASS,1
W011,L1023,4,0,PASS,1
W011,L1023,4,1,PASS,1
W011,L1023,4,2,PASS,1
W011,L1023,4,3,PASS,1
W011,L1023,4,4,PASS,1
W012,L1023,0,0,PASS,1
W012,L1023,0,1,PASS,1
W012,L1023,0,2,PASS,1
W012,L1023,0,3,PASS,1
W012,L1023,0,4,PASS,1
W012,L1023,1,0,PASS,1
W012,L1023,1,1,PASS,1
W012,L1023,1,2,PASS,1
W012,L1023,1,3,PASS,1
W012,L1023,1,4,PASS,1
W012,L1023,2,0,PASS,1
W012,L1023,2,1,FAIL,3
W012,L1023,2,2,PASS,1
W012,L1023,2,3,PASS,1
W012,L1023,2,4,PASS,1
W012,L1023,3,0,PASS,1
W012,L1023,3,1,PASS,1
W012,L1023,3,2,FAIL,3
W012,L1023,3,3,PASS,1
W012,L1023,3,4,PASS,1
W012,L1023,4,0,PASS,1
W012,L1023,4,1,PASS,1
W012,L1023,4,2,PASS,1
W012,L1023,4,3,PASS,1
W012,L1023,4,4,PASS,1
W013,L1023,0,0,PASS,1
W013,L1023,0,1,PASS,1
W013,L1023,0,2,PASS,1
W013,L1023,0,3,PASS,1
W013,L1023,0,4,PASS,1
W013,L1023,1,0,PASS,1
W013,L1023,1,1,PASS,1
W013,L1023,1,2,PASS,1
W013,L1023,1,3,PASS,1
W013,L1023,1,4,PASS,1
W013,L1023,2,0,PASS,1
W013,L1023,2,1,PASS,1
W013,L1023,2,2,PASS,1
W013,L1023,2,3,PASS,1
W013,L1023,2,4,PASS,1
W013,L1023,3,0,PASS,1
W013,L1023,3,1,PASS,1
W013,L1023,3,2,PASS,1
W013,L1023,3,3,PASS,1
W013,L1023,3,4,PASS,1
W013,L1023,4,0,PASS,1
W013,L1023,4,1,PASS,1
W013,L1023,4,2,PASS,1
W013,L1023,4,3,PASS,1
W013,L1023,4,4,PASS,1
W014,L1023,0,0,PASS,1
W014,L1023,0,1,PASS,1
W014,L1023,0,2,PASS,1
W014,L1023,0,3,PASS,1
W014,L1023,0,4,PASS,1
W014,L1023,1,0,PASS,1
W014,L1023,1,1,PASS,1
W014,L1023,1,2,PASS,1
W014,L1023,1,3,PASS,1
W014,L1023,1,4,PASS,1
W014,L1023,2,0,PASS,1
W014,L1023,2,1,PASS,1
W014,L1023,2,2,PASS,1
W014,L1023,2,3,PASS,1
W014,L1023,2,4,PASS,1
W014,L1023,3,0,PASS,1
W014,L1023,3,1,PASS,1
W014,L1023,3,2,PASS,1
W014,L1023,3,3,PASS,1
W014,L1023,3,4,PASS,1
W014,L1023,4,0,PASS,1
W014,L1023,4,1,PASS,1
W014,L1023,4,2,PASS,1
W014,L1023,4,3,PASS,1
W014,L1023,4,4,PASS,1
W015,L1023,0,0,PASS,1
W015,L1023,0,1,PASS,1
W015,L1023,0,2,PASS,1
W015,L1023,0,3,PASS,1
W015,L1023,0,4,PASS,1
W015,L1023,1,0,PASS,1
W015,L1023,1,1,PASS,1
W015,L1023,1,2,PASS,1
W015,L1023,1,3,PASS,1
W015,L1023,1,4,PASS,1
W015,L1023,2,0,PASS,1
W015,L1023,2,1,PASS,1
W015,L1023,2,2,PASS,1
W015,L1023,2,3,PASS,1
W015,L1023,2,4,PASS,1
W015,L1023,3,0,PASS,1
W015,L1023,3,1,PASS,1
W015,L1023,3,2,PASS,1
W015,L1023,3,3,PASS,1
W015,L1023,3,4,PASS,1
W015,L1023,4,0,PASS,1
W015,L1023,4,1,PASS,1
W015,L1023,4,2,PASS,1
W015,L1023,4,3,PASS,1
W015,L1023,4,4,PASS,1
W016,L1024,0,0,PASS,1
W016,L1024,0,1,PASS,1
W016,L1024,0,2,PASS,1
W016,L1024,0,3,PASS,1
W016,L1024,0,4,PASS,1
W016,L1024,1,0,PASS,1
W016,L1024,1,1,PASS,1
W016,L1024,1,2,PASS,1
W016,L1024,1,3,PASS,1
W016,L1024,1,4,PASS,1
W016,L1024,2,0,PASS,1
W016,L1024,2,1,PASS,1
W016,L1024,2,2,PASS,1
W016,L1024,2,3,PASS,1
W016,L1024,2,4,PASS,1
W016,L1024,3,0,PASS,1
W016,L1024,3,1,PASS,1
W016,L1024,3,2,PASS,1
W016,L1024,3,3,PASS,1
W016,L1024,3,4,PASS,1
W016,L1024,4,0,PASS,1
W016,L1024,4,1,PASS,1
W016,L1024,4,2,PASS,1
W016,L1024,4,3,PASS,1
W016,L1024,4,4,PASS,1
W017,L1024,0,0,PASS,1
W017,L1024,0,1,PASS,1
W017,L1024,0,2,PASS,1
W017,L1024,0,3,PASS,1
W017,L1024,0,4,PASS,1
W017,L1024,1,0,PASS,1
W017,L1024,1,1,PASS,1
W017,L1024,1,2,PASS,1
W017,L1024,1,3,PASS,1
W017,L1024,1,4,PASS,1
W017,L1024,2,0,PASS,1
W017,L1024,2,1,PASS,1
W017,L1024,2,2,PASS,1
W017,L1024,2,3,PASS,1
W017,L1024,2,4,PASS,1
W017,L1024,3,0,PASS,1
W017,L1024,3,1,PASS,1
W017,L1024,3,2,PASS,1
W017,L1024,3,3,PASS,1
W017,L1024,3,4,PASS,1
W017,L1024,4,0,PASS,1
W017,L1024,4,1,PASS,1
W017,L1024,4,2,PASS,1
W017,L1024,4,3,PASS,1
W017,L1024,4,4,PASS,1
W018,L1024,0,0,PASS,1
W018,L1024,0,1,PASS,1
W018,L1024,0,2,PASS,1
W018,L1024,0,3,PASS,1
W018,L1024,0,4,PASS,1
W018,L1024,1,0,PASS,1
W018,L1024,1,1,PASS,1
W018,L1024,1,2,PASS,1
W018,L1024,1,3,PASS,1
W018,L1024,1,4,PASS,1
W018,L1024,2,0,PASS,1
W018,L1024,2,1,PASS,1
W018,L1024,2,2,PASS,1
W018,L1024,2,3,PASS,1
W018,L1024,2,4,PASS,1
W018,L1024,3,0,PASS,1
W018,L1024,3,1,PASS,1
W018,L1024,3,2,PASS,1
W018,L1024,3,3,PASS,1
W018,L1024,3,4,PASS,1
W018,L1024,4,0,PASS,1
W018,L1024,4,1,PASS,1
W018,L1024,4,2,PASS,1
W018,L1024,4,3,PASS,1
W018,L1024,4,4,PASS,1
W019,L1024,0,0,PASS,1
W019,L1024,0,1,PASS,1
W019,L1024,0,2,PASS,1
W019,L1024,0,3,PASS,1
W019,L1024,0,4,PASS,1
W019,L1024,1,0,PASS,1
W019,L1024,1,1,PASS,1
W019,L1024,1,2,PASS,1
W019,L1024,1,3,PASS,1
W019,L1024,1,4,PASS,1
W019,L1024,2,0,PASS,1
W019,L1024,2,1,PASS,1
W019,L1024,2,2,PASS,1
W019,L1024,2,3,PASS,1
W019,L1024,2,4,PASS,1
W019,L1024,3,0,PASS,1
W019,L1024,3,1,PASS,1
W019,L1024,3,2,PASS,1
W019,L1024,3,3,PASS,1
W019,L1024,3,4,PASS,1
W019,L1024,4,0,PASS,1
W019,L1024,4,1,PASS,1
W019,L1024,4,2,FAIL,5
W019,L1024,4,3,PASS,1
W019,L1024,4,4,FAIL,4
W020,L1024,0,0,PASS,1
W020,L1024,0,1,PASS,1
W020,L1024,0,2,PASS,1
W020,L1024,0,3,PASS,1
W020,L1024,0,4,PASS,1
W020,L1024,1,0,PASS,1
W020,L1024,1,1,PASS,1
W020,L1024,1,2,PASS,1
W020,L1024,1,3,PASS,1
W020,L1024,1,4,PASS,1
W020,L1024,2,0,PASS,1
W020,L1024,2,1,PASS,1
W020,L1024,2,2,PASS,1
W020,L1024,2,3,PASS,1
W020,L1024,2,4,PASS,1
W020,L1024,3,0,PASS,1
W020,L1024,3,1,PASS,1
W020,L1024,3,2,PASS,1
W020,L1024,3,3,PASS,1
W020,L1024,3,4,PASS,1
W020,L1024,4,0,PASS,1
W020,L1024,4,1,PASS,1
W020,L1024,4,2,PASS,1
W020,L1024,4,3,PASS,1
W020,L1024,4,4,PASS,1
W021,L1025,0,0,PASS,1
W021,L1025,0,1,PASS,1
W021,L1025,0,2,PASS,1
W021,L1025,0,3,PASS,1
W021,L1025,0,4,PASS,1
W021,L1025,1,0,PASS,1
W021,L1025,1,1,PASS,1
W021,L1025,1,2,PASS,1
W021,L1025,1,3,PASS,1
W021,L1025,1,4,PASS,1
W021,L1025,2,0,PASS,1
W021,L1025,2,1,PASS,1
W021,L1025,2,2,PASS,1
W021,L1025,2,3,PASS,1
W021,L1025,2,4,PASS,1
W021,L1025,3,0,PASS,1
W021,L1025,3,1,PASS,1
W021,L1025,3,2,PASS,1
W021,L1025,3,3,PASS,1
W021,L1025,3,4,PASS,1
W021,L1025,4,0,PASS,1
W021,L1025,4,1,PASS,1
W021,L1025,4,2,PASS,1
W021,L1025,4,3,PASS,1
W021,L1025,4,4,PASS,1
W022,L1025,0,0,PASS,1
W022,L1025,0,1,PASS,1
W022,L1025,0,2,PASS,1
W022,L1025,0,3,PASS,1
W022,L1025,0,4,PASS,1
W022,L1025,1,0,PASS,1
W022,L1025,1,1,PASS,1
W022,L1025,1,2,PASS,1
W022,L1025,1,3,PASS,1
W022,L1025,1,4,PASS,1
W022,L1025,2,0,PASS,1
W022,L1025,2,1,PASS,1
W022,L1025,2,2,PASS,1
W022,L1025,2,3,PASS,1
W022,L1025,2,4,PASS,1
W022,L1025,3,0,PASS,1
W022,L1025,3,1,PASS,1
W022,L1025,3,2,PASS,1
W022,L1025,3,3,PASS,1
W022,L1025,3,4,PASS,1
W022,L1025,4,0,PASS,1
W022,L1025,4,1,PASS,1
W022,L1025,4,2,PASS,1
W022,L1025,4,3,PASS,1
W022,L1025,4,4,PASS,1
W023,L1025,0,0,PASS,1
W023,L1025,0,1,PASS,1
W023,L1025,0,2,PASS,1
W023,L1025,0,3,PASS,1
W023,L1025,0,4,PASS,1
W023,L1025,1,0,PASS,1
W023,L1025,1,1,FAIL,4
W023,L1025,1,2,PASS,1
W023,L1025,1,3,PASS,1
W023,L1025,1,4,PASS,1
W023,L1025,2,0,PASS,1
W023,L1025,2,1,PASS,1
W023,L1025,2,2,PASS,1
W023,L1025,2,3,PASS,1
W023,L1025,2,4,PASS,1
W023,L1025,3,0,PASS,1
W023,L1025,3,1,PASS,1
W023,L1025,3,2,PASS,1
W023,L1025,3,3,PASS,1
W023,L1025,3,4,PASS,1
W023,L1025,4,0,PASS,1
W023,L1025,4,1,PASS,1
W023,L1025,4,2,PASS,1
W023,L1025,4,3,PASS,1
W023,L1025,4,4,PASS,1
W024,L1025,0,0,PASS,1
W024,L1025,0,1,PASS,1
W024,L1025,0,2,PASS,1
W024,L1025,0,3,PASS,1
W024,L1025,0,4,PASS,1
W024,L1025,1,0,PASS,1
W024,L1025,1,1,PASS,1
W024,L1025,1,2,PASS,1
W024,L1025,1,3,PASS,1
W024,L1025,1,4,PASS,1
W024,L1025,2,0,PASS,1
W024,L1025,2,1,PASS,1
W024,L1025,2,2,PASS,1
W024,L1025,2,3,PASS,1
W024,L1025,2,4,PASS,1
W024,L1025,3,0,FAIL,3
W024,L1025,3,1,PASS,1
W024,L1025,3,2,PASS,1
W024,L1025,3,3,PASS,1
W024,L1025,3,4,PASS,1
W024,L1025,4,0,PASS,1
W024,L1025,4,1,PASS,1
W024,L1025,4,2,PASS,1
W024,L1025,4,3,PASS,1
W024,L1025,4,4,PASS,1
W025,L1025,0,0,PASS,1
W025,L1025,0,1,PASS,1
W025,L1025,0,2,PASS,1
W025,L1025,0,3,PASS,1
W025,L1025,0,4,PASS,1
W025,L1025,1,0,PASS,1
W025,L1025,1,1,PASS,1
W025,L1025,1,2,PASS,1
W025,L1025,1,3,PASS,1
W025,L1025,1,4,PASS,1
W025,L1025,2,0,PASS,1
W025,L1025,2,1,PASS,1
W025,L1025,2,2,PASS,1
W025,L1025,2,3,PASS,1
W025,L1025,2,4,PASS,1
W025,L1025,3,0,PASS,1
W025,L1025,3,1,PASS,1
W025,L1025,3,2,PASS,1
W025,L1025,3,3,PASS,1
W025,L1025,3,4,PASS,1
W025,L1025,4,0,PASS,1
W025,L1025,4,1,PASS,1
W025,L1025,4,2,PASS,1
W025,L1025,4,3,PASS,1
W025,L1025,4,4,PASS,1
W026,L1026,0,0,PASS,1
W026,L1026,0,1,PASS,1
W026,L1026,0,2,PASS,1
W026,L1026,0,3,FAIL,5
W026,L1026,0,4,PASS,1
W026,L1026,1,0,FAIL,3
W026,L1026,1,1,PASS,1
W026,L1026,1,2,PASS,1
W026,L1026,1,3,PASS,1
W026,L1026,1,4,PASS,1
W026,L1026,2,0,PASS,1
W026,L1026,2,1,PASS,1
W026,L1026,2,2,PASS,1
W026,L1026,2,3,PASS,1
W026,L1026,2,4,PASS,1
W026,L1026,3,0,PASS,1
W026,L1026,3,1,PASS,1
W026,L1026,3,2,PASS,1
W026,L1026,3,3,PASS,1
W026,L1026,3,4,PASS,1
W026,L1026,4,0,PASS,1
W026,L1026,4,1,PASS,1
W026,L1026,4,2,PASS,1
W026,L1026,4,3,PASS,1
W026,L1026,4,4,PASS,1
W027,L1026,0,0,PASS,1
W027,L1026,0,1,PASS,1
W027,L1026,0,2,PASS,1
W027,L1026,0,3,PASS,1
W027,L1026,0,4,PASS,1
W027,L1026,1,0,PASS,1
W027,L1026,1,1,PASS,1
W027,L1026,1,2,PASS,1
W027,L1026,1,3,PASS,1
W027,L1026,1,4,PASS,1
W027,L1026,2,0,PASS,1
W027,L1026,2,1,PASS,1
W027,L1026,2,2,PASS,1
W027,L1026,2,3,PASS,1
W027,L1026,2,4,PASS,1
W027,L1026,3,0,PASS,1
W027,L1026,3,1,PASS,1
W027,L1026,3,2,PASS,1
W027,L1026,3,3,PASS,1
W027,L1026,3,4,PASS,1
W027,L1026,4,0,PASS,1
W027,L1026,4,1,PASS,1
W027,L1026,4,2,PASS,1
W027,L1026,4,3,PASS,1
W027,L1026,4,4,FAIL,4
W028,L1026,0,0,PASS,1
W028,L1026,0,1,PASS,1
W028,L1026,0,2,FAIL,4
W028,L1026,0,3,PASS,1
W028,L1026,0,4,PASS,1
W028,L1026,1,0,PASS,1
W028,L1026,1,1,PASS,1
W028,L1026,1,2,PASS,1
W028,L1026,1,3,PASS,1
W028,L1026,1,4,PASS,1
W028,L1026,2,0,PASS,1
W028,L1026,2,1,PASS,1
W028,L1026,2,2,PASS,1
W028,L1026,2,3,PASS,1
W028,L1026,2,4,PASS,1
W028,L1026,3,0,PASS,1
W028,L1026,3,1,PASS,1
W028,L1026,3,2,PASS,1
W028,L1026,3,3,PASS,1
W028,L1026,3,4,PASS,1
W028,L1026,4,0,PASS,1
W028,L1026,4,1,PASS,1
W028,L1026,4,2,PASS,1
W028,L1026,4,3,PASS,1
W028,L1026,4,4,PASS,1
W029,L1026,0,0,PASS,1
W029,L1026,0,1,PASS,1
W029,L1026,0,2,PASS,1
W029,L1026,0,3,PASS,1
W029,L1026,0,4,PASS,1
W029,L1026,1,0,FAIL,4
W029,L1026,1,1,PASS,1
W029,L1026,1,2,PASS,1
W029,L1026,1,3,PASS,1
W029,L1026,1,4,PASS,1
W029,L1026,2,0,PASS,1
W029,L1026,2,1,PASS,1
W029,L1026,2,2,PASS,1
W029,L1026,2,3,PASS,1
W029,L1026,2,4,PASS,1
W029,L1026,3,0,PASS,1
W029,L1026,3,1,PASS,1
W029,L1026,3,2,PASS,1
W029,L1026,3,3,PASS,1
W029,L1026,3,4,PASS,1
W029,L1026,4,0,PASS,1
W029,L1026,4,1,PASS,1
W029,L1026,4,2,PASS,1
W029,L1026,4,3,PASS,1
W029,L1026,4,4,PASS,1
W030,L1026,0,0,PASS,1
W030,L1026,0,1,PASS,1
W030,L1026,0,2,PASS,1
W030,L1026,0,3,PASS,1
W030,L1026,0,4,PASS,1
W030,L1026,1,0,PASS,1
W030,L1026,1,1,PASS,1
W030,L1026,1,2,PASS,1
W030,L1026,1,3,PASS,1
W030,L1026,1,4,PASS,1
W030,L1026,2,0,PASS,1
W030,L1026,2,1,PASS,1
W030,L1026,2,2,PASS,1
W030,L1026,2,3,PASS,1
W030,L1026,2,4,PASS,1
W030,L1026,3,0,PASS,1
W030,L1026,3,1,PASS,1
W030,L1026,3,2,PASS,1
W030,L1026,3,3,FAIL,5
W030,L1026,3,4,PASS,1
W030,L1026,4,0,PASS,1
W030,L1026,4,1,PASS,1
W030,L1026,4,2,PASS,1
W030,L1026,4,3,PASS,1
W030,L1026,4,4,PASS,1
W031,L1027,0,0,FAIL,4
W031,L1027,0,1,PASS,1
W031,L1027,0,2,PASS,1
W031,L1027,0,3,PASS,1
W031,L1027,0,4,PASS,1
W031,L1027,1,0,FAIL,5
W031,L1027,1,1,PASS,1
W031,L1027,1,2,PASS,1
W031,L1027,1,3,PASS,1
W031,L1027,1,4,PASS,1
W031,L1027,2,0,PASS,1
W031,L1027,2,1,PASS,1
W031,L1027,2,2,PASS,1
W031,L1027,2,3,PASS,1
W031,L1027,2,4,PASS,1
W031,L1027,3,0,FAIL,3
W031,L1027,3,1,PASS,1
W031,L1027,3,2,PASS,1
W031,L1027,3,3,PASS,1
W031,L1027,3,4,PASS,1
W031,L1027,4,0,PASS,1
W031,L1027,4,1,PASS,1
W031,L1027,4,2,PASS,1
W031,L1027,4,3,PASS,1
W031,L1027,4,4,PASS,1
W032,L1027,0,0,PASS,1
W032,L1027,0,1,PASS,1
W032,L1027,0,2,PASS,1
W032,L1027,0,3,PASS,1
W032,L1027,0,4,PASS,1
W032,L1027,1,0,PASS,1
W032,L1027,1,1,PASS,1
W032,L1027,1,2,PASS,1
W032,L1027,1,3,PASS,1
W032,L1027,1,4,PASS,1
W032,L1027,2,0,PASS,1
W032,L1027,2,1,PASS,1
W032,L1027,2,2,PASS,1
W032,L1027,2,3,PASS,1
W032,L1027,2,4,PASS,1
W032,L1027,3,0,PASS,1
W032,L1027,3,1,PASS,1
W032,L1027,3,2,PASS,1
W032,L1027,3,3,PASS,1
W032,L1027,3,4,PASS,1
W032,L1027,4,0,PASS,1
W032,L1027,4,1,PASS,1
W032,L1027,4,2,PASS,1
W032,L1027,4,3,PASS,1
W032,L1027,4,4,PASS,1
W033,L1027,0,0,PASS,1
W033,L1027,0,1,PASS,1
W033,L1027,0,2,FAIL,5
W033,L1027,0,3,PASS,1
W033,L1027,0,4,PASS,1
W033,L1027,1,0,PASS,1
W033,L1027,1,1,PASS,1
W033,L1027,1,2,PASS,1
W033,L1027,1,3,PASS,1
W033,L1027,1,4,PASS,1
W033,L1027,2,0,PASS,1
W033,L1027,2,1,PASS,1
W033,L1027,2,2,PASS,1
W033,L1027,2,3,PASS,1
W033,L1027,2,4,FAIL,4
W033,L1027,3,0,FAIL,4
W033,L1027,3,1,FAIL,3
W033,L1027,3,2,PASS,1
W033,L1027,3,3,PASS,1
W033,L1027,3,4,PASS,1
W033,L1027,4,0,PASS,1
W033,L1027,4,1,PASS,1
W033,L1027,4,2,PASS,1
W033,L1027,4,3,PASS,1
W033,L1027,4,4,PASS,1
W034,L1027,0,0,PASS,1
W034,L1027,0,1,PASS,1
W034,L1027,0,2,PASS,1
W034,L1027,0,3,PASS,1
W034,L1027,0,4,PASS,1
W034,L1027,1,0,PASS,1
W034,L1027,1,1,PASS,1
W034,L1027,1,2,PASS,1
W034,L1027,1,3,FAIL,3
W034,L1027,1,4,PASS,1
W034,L1027,2,0,PASS,1
W034,L1027,2,1,PASS,1
W034,L1027,2,2,PASS,1
W034,L1027,2,3,PASS,1
W034,L1027,2,4,PASS,1
W034,L1027,3,0,PASS,1
W034,L1027,3,1,PASS,1
W034,L1027,3,2,PASS,1
W034,L1027,3,3,PASS,1
W034,L1027,3,4,PASS,1
W034,L1027,4,0,FAIL,4
W034,L1027,4,1,PASS,1
W034,L1027,4,2,PASS,1
W034,L1027,4,3,PASS,1
W034,L1027,4,4,PASS,1
W035,L1027,0,0,PASS,1
W035,L1027,0,1,PASS,1
W035,L1027,0,2,PASS,1
W035,L1027,0,3,PASS,1
W035,L1027,0,4,FAIL,4
W035,L1027,1,0,PASS,1
W035,L1027,1,1,PASS,1
W035,L1027,1,2,PASS,1
W035,L1027,1,3,PASS,1
W035,L1027,1,4,PASS,1
W035,L1027,2,0,PASS,1
W035,L1027,2,1,PASS,1
W035,L1027,2,2,FAIL,4
W035,L1027,2,3,PASS,1
W035,L1027,2,4,PASS,1
W035,L1027,3,0,PASS,1
W035,L1027,3,1,PASS,1
W035,L1027,3,2,PASS,1
W035,L1027,3,3,PASS,1
W035,L1027,3,4,PASS,1
W035,L1027,4,0,PASS,1
W035,L1027,4,1,PASS,1
W035,L1027,4,2,PASS,1
W035,L1027,4,3,PASS,1
W035,L1027,4,4,PASS,1
W036,L1028,0,0,PASS,1
W036,L1028,0,1,PASS,1
W036,L1028,0,2,PASS,1
W036,L1028,0,3,PASS,1
W036,L1028,0,4,PASS,1
W036,L1028,1,0,PASS,1
W036,L1028,1,1,PASS,1
W036,L1028,1,2,PASS,1
W036,L1028,1,3,PASS,1
W036,L1028,1,4,PASS,1
W036,L1028,2,0,PASS,1
W036,L1028,2,1,PASS,1
W036,L1028,2,2,FAIL,5
W036,L1028,2,3,PASS,1
W036,L1028,2,4,PASS,1
W036,L1028,3,0,PASS,1
W036,L1028,3,1,PASS,1
W036,L1028,3,2,PASS,1
W036,L1028,3,3,PASS,1
W036,L1028,3,4,PASS,1
W036,L1028,4,0,FAIL,4
W036,L1028,4,1,PASS,1
W036,L1028,4,2,PASS,1
W036,L1028,4,3,PASS,1
W036,L1028,4,4,PASS,1
W037,L1028,0,0,PASS,1
W037,L1028,0,1,PASS,1
W037,L1028,0,2,PASS,1
W037,L1028,0,3,PASS,1
W037,L1028,0,4,PASS,1
W037,L1028,1,0,PASS,1
W037,L1028,1,1,PASS,1
W037,L1028,1,2,PASS,1
W037,L1028,1,3,PASS,1
W037,L1028,1,4,PASS,1
W037,L1028,2,0,FAIL,3
W037,L1028,2,1,PASS,1
W037,L1028,2,2,PASS,1
W037,L1028,2,3,PASS,1
W037,L1028,2,4,PASS,1
W037,L1028,3,0,PASS,1
W037,L1028,3,1,PASS,1
W037,L1028,3,2,PASS,1
W037,L1028,3,3,PASS,1
W037,L1028,3,4,PASS,1
W037,L1028,4,0,PASS,1
W037,L1028,4,1,PASS,1
W037,L1028,4,2,PASS,1
W037,L1028,4,3,PASS,1
W037,L1028,4,4,FAIL,3
W038,L1028,0,0,PASS,1
W038,L1028,0,1,PASS,1
W038,L1028,0,2,PASS,1
W038,L1028,0,3,PASS,1
W038,L1028,0,4,PASS,1
W038,L1028,1,0,PASS,1
W038,L1028,1,1,PASS,1
W038,L1028,1,2,FAIL,5
W038,L1028,1,3,PASS,1
W038,L1028,1,4,PASS,1
W038,L1028,2,0,PASS,1
W038,L1028,2,1,PASS,1
W038,L1028,2,2,PASS,1
W038,L1028,2,3,PASS,1
W038,L1028,2,4,PASS,1
W038,L1028,3,0,PASS,1
W038,L1028,3,1,PASS,1
W038,L1028,3,2,PASS,1
W038,L1028,3,3,PASS,1
W038,L1028,3,4,PASS,1
W038,L1028,4,0,PASS,1
W038,L1028,4,1,PASS,1
W038,L1028,4,2,PASS,1
W038,L1028,4,3,PASS,1
W038,L1028,4,4,PASS,1
W039,L1028,0,0,PASS,1
W039,L1028,0,1,FAIL,3
W039,L1028,0,2,PASS,1
W039,L1028,0,3,PASS,1
W039,L1028,0,4,PASS,1
W039,L1028,1,0,FAIL,5
W039,L1028,1,1,PASS,1
W039,L1028,1,2,PASS,1
W039,L1028,1,3,PASS,1
W039,L1028,1,4,PASS,1
W039,L1028,2,0,PASS,1
W039,L1028,2,1,PASS,1
W039,L1028,2,2,PASS,1
W039,L1028,2,3,PASS,1
W039,L1028,2,4,PASS,1
W039,L1028,3,0,FAIL,4
W039,L1028,3,1,PASS,1
W039,L1028,3,2,PASS,1
W039,L1028,3,3,PASS,1
W039,L1028,3,4,PASS,1
W039,L1028,4,0,PASS,1
W039,L1028,4,1,PASS,1
W039,L1028,4,2,PASS,1
W039,L1028,4,3,PASS,1
W039,L1028,4,4,PASS,1
W040,L1028,0,0,PASS,1
W040,L1028,0,1,PASS,1
W040,L1028,0,2,PASS,1
W040,L1028,0,3,FAIL,4
W040,L1028,0,4,FAIL,3
W040,L1028,1,0,PASS,1
W040,L1028,1,1,PASS,1
W040,L1028,1,2,PASS,1
W040,L1028,1,3,PASS,1
W040,L1028,1,4,PASS,1
W040,L1028,2,0,PASS,1
W040,L1028,2,1,FAIL,4
W040,L1028,2,2,PASS,1
W040,L1028,2,3,PASS,1
W040,L1028,2,4,PASS,1
W040,L1028,3,0,FAIL,5
W040,L1028,3,1,PASS,1
W040,L1028,3,2,PASS,1
W040,L1028,3,3,PASS,1
W040,L1028,3,4,PASS,1
W040,L1028,4,0,FAIL,5
W040,L1028,4,1,FAIL,3
W040,L1028,4,2,PASS,1
W040,L1028,4,3,PASS,1
W040,L1028,4,4,PASS,1
W041,L1029,0,0,FAIL,3
W041,L1029,0,1,FAIL,4
W041,L1029,0,2,PASS,1
W041,L1029,0,3,FAIL,4
W041,L1029,0,4,FAIL,4
W041,L1029,1,0,FAIL,5
W041,L1029,1,1,PASS,1
W041,L1029,1,2,PASS,1
W041,L1029,1,3,FAIL,4
W041,L1029,1,4,PASS,1
W041,L1029,2,0,PASS,1
W041,L1029,2,1,FAIL,5
W041,L1029,2,2,PASS,1
W041,L1029,2,3,PASS,1
W041,L1029,2,4,PASS,1
W041,L1029,3,0,PASS,1
W041,L1029,3,1,PASS,1
W041,L1029,3,2,PASS,1
W041,L1029,3,3,PASS,1
W041,L1029,3,4,FAIL,4
W041,L1029,4,0,PASS,1
W041,L1029,4,1,PASS,1
W041,L1029,4,2,FAIL,5
W041,L1029,4,3,PASS,1
W041,L1029,4,4,FAIL,3
W042,L1029,0,0,PASS,1
W042,L1029,0,1,FAIL,3
W042,L1029,0,2,PASS,1
W042,L1029,0,3,PASS,1
W042,L1029,0,4,PASS,1
W042,L1029,1,0,PASS,1
W042,L1029,1,1,PASS,1
W042,L1029,1,2,PASS,1
W042,L1029,1,3,PASS,1
W042,L1029,1,4,PASS,1
W042,L1029,2,0,FAIL,5
W042,L1029,2,1,PASS,1
W042,L1029,2,2,PASS,1
W042,L1029,2,3,PASS,1
W042,L1029,2,4,PASS,1
W042,L1029,3,0,PASS,1
W042,L1029,3,1,PASS,1
W042,L1029,3,2,PASS,1
W042,L1029,3,3,PASS,1
W042,L1029,3,4,PASS,1
W042,L1029,4,0,PASS,1
W042,L1029,4,1,PASS,1
W042,L1029,4,2,PASS,1
W042,L1029,4,3,PASS,1
W042,L1029,4,4,FAIL,3
W043,L1029,0,0,PASS,1
W043,L1029,0,1,PASS,1
W043,L1029,0,2,FAIL,3
W043,L1029,0,3,FAIL,3
W043,L1029,0,4,PASS,1
W043,L1029,1,0,PASS,1
W043,L1029,1,1,PASS,1
W043,L1029,1,2,FAIL,5
W043,L1029,1,3,PASS,1
W043,L1029,1,4,PASS,1
W043,L1029,2,0,PASS,1
W043,L1029,2,1,PASS,1
W043,L1029,2,2,PASS,1
W043,L1029,2,3,PASS,1
W043,L1029,2,4,PASS,1
W043,L1029,3,0,FAIL,4
W043,L1029,3,1,PASS,1
W043,L1029,3,2,PASS,1
W043,L1029,3,3,PASS,1
W043,L1029,3,4,FAIL,5
W043,L1029,4,0,PASS,1
W043,L1029,4,1,PASS,1
W043,L1029,4,2,PASS,1
W043,L1029,4,3,PASS,1
W043,L1029,4,4,FAIL,4
W044,L1029,0,0,PASS,1
W044,L1029,0,1,PASS,1
W044,L1029,0,2,PASS,1
W044,L1029,0,3,PASS,1
W044,L1029,0,4,PASS,1
W044,L1029,1,0,PASS,1
W044,L1029,1,1,PASS,1
W044,L1029,1,2,FAIL,5
W044,L1029,1,3,PASS,1
W044,L1029,1,4,FAIL,3
W044,L1029,2,0,FAIL,4
W044,L1029,2,1,PASS,1
W044,L1029,2,2,PASS,1
W044,L1029,2,3,PASS,1
W044,L1029,2,4,FAIL,5
W044,L1029,3,0,PASS,1
W044,L1029,3,1,PASS,1
W044,L1029,3,2,PASS,1
W044,L1029,3,3,FAIL,5
W044,L1029,3,4,PASS,1
W044,L1029,4,0,PASS,1
W044,L1029,4,1,PASS,1
W044,L1029,4,2,FAIL,4
W044,L1029,4,3,PASS,1
W044,L1029,4,4,PASS,1
W045,L1029,0,0,PASS,1
W045,L1029,0,1,FAIL,3
W045,L1029,0,2,FAIL,5
W045,L1029,0,3,FAIL,3
W045,L1029,0,4,FAIL,5
W045,L1029,1,0,PASS,1
W045,L1029,1,1,PASS,1
W045,L1029,1,2,PASS,1
W045,L1029,1,3,PASS,1
W045,L1029,1,4,PASS,1
W045,L1029,2,0,PASS,1
W045,L1029,2,1,PASS,1
W045,L1029,2,2,PASS,1
W045,L1029,2,3,PASS,1
W045,L1029,2,4,PASS,1
W045,L1029,3,0,PASS,1
W045,L1029,3,1,PASS,1
W045,L1029,3,2,PASS,1
W045,L1029,3,3,FAIL,3
W045,L1029,3,4,PASS,1
W045,L1029,4,0,FAIL,3
W045,L1029,4,1,PASS,1
W045,L1029,4,2,PASS,1
W045,L1029,4,3,FAIL,4
W045,L1029,4,4,PASS,1
W046,L1030,0,0,FAIL,4
W046,L1030,0,1,PASS,1
W046,L1030,0,2,FAIL,5
W046,L1030,0,3,PASS,1
W046,L1030,0,4,PASS,1
W046,L1030,1,0,FAIL,5
W046,L1030,1,1,FAIL,3
W046,L1030,1,2,PASS,1
W046,L1030,1,3,FAIL,4
W046,L1030,1,4,PASS,1
W046,L1030,2,0,PASS,1
W046,L1030,2,1,PASS,1
W046,L1030,2,2,PASS,1
W046,L1030,2,3,FAIL,3
W046,L1030,2,4,PASS,1
W046,L1030,3,0,FAIL,5
W046,L1030,3,1,PASS,1
W046,L1030,3,2,PASS,1
W046,L1030,3,3,PASS,1
W046,L1030,3,4,PASS,1
W046,L1030,4,0,FAIL,4
W046,L1030,4,1,PASS,1
W046,L1030,4,2,PASS,1
W046,L1030,4,3,PASS,1
W046,L1030,4,4,FAIL,4
W047,L1030,0,0,FAIL,3
W047,L1030,0,1,FAIL,5
W047,L1030,0,2,FAIL,5
W047,L1030,0,3,FAIL,4
W047,L1030,0,4,PASS,1
W047,L1030,1,0,PASS,1
W047,L1030,1,1,PASS,1
W047,L1030,1,2,PASS,1
W047,L1030,1,3,FAIL,4
W047,L1030,1,4,FAIL,5
W047,L1030,2,0,FAIL,5
W047,L1030,2,1,FAIL,5
W047,L1030,2,2,PASS,1
W047,L1030,2,3,PASS,1
W047,L1030,2,4,PASS,1
W047,L1030,3,0,PASS,1
W047,L1030,3,1,PASS,1
W047,L1030,3,2,PASS,1
W047,L1030,3,3,PASS,1
W047,L1030,3,4,PASS,1
W047,L1030,4,0,PASS,1
W047,L1030,4,1,PASS,1
W047,L1030,4,2,FAIL,3
W047,L1030,4,3,PASS,1
W047,L1030,4,4,PASS,1
W048,L1030,0,0,PASS,1
W048,L1030,0,1,PASS,1
W048,L1030,0,2,PASS,1
W048,L1030,0,3,FAIL,4
W048,L1030,0,4,PASS,1
W048,L1030,1,0,FAIL,4
W048,L1030,1,1,FAIL,3
W048,L1030,1,2,PASS,1
W048,L1030,1,3,PASS,1
W048,L1030,1,4,PASS,1
W048,L1030,2,0,PASS,1
W048,L1030,2,1,PASS,1
W048,L1030,2,2,PASS,1
W048,L1030,2,3,PASS,1
W048,L1030,2,4,PASS,1
W048,L1030,3,0,PASS,1
W048,L1030,3,1,PASS,1
W048,L1030,3,2,PASS,1
W048,L1030,3,3,PASS,1
W048,L1030,3,4,FAIL,3
W048,L1030,4,0,PASS,1
W048,L1030,4,1,PASS,1
W048,L1030,4,2,PASS,1
W048,L1030,4,3,FAIL,5
W048,L1030,4,4,FAIL,3
W049,L1030,0,0,PASS,1
W049,L1030,0,1,PASS,1
W049,L1030,0,2,PASS,1
W049,L1030,0,3,PASS,1
W049,L1030,0,4,PASS,1
W049,L1030,1,0,PASS,1
W049,L1030,1,1,PASS,1
W049,L1030,1,2,PASS,1
W049,L1030,1,3,PASS,1
W049,L1030,1,4,FAIL,5
W049,L1030,2,0,PASS,1
W049,L1030,2,1,FAIL,3
W049,L1030,2,2,PASS,1
W049,L1030,2,3,PASS,1
W049,L1030,2,4,FAIL,5
W049,L1030,3,0,PASS,1
W049,L1030,3,1,PASS,1
W049,L1030,3,2,PASS,1
W049,L1030,3,3,FAIL,5
W049,L1030,3,4,FAIL,4
W049,L1030,4,0,FAIL,5
W049,L1030,4,1,PASS,1
W049,L1030,4,2,PASS,1
W049,L1030,4,3,PASS,1
W049,L1030,4,4,PASS,1
W050,L1030,0,0,FAIL,4
W050,L1030,0,1,PASS,1
W050,L1030,0,2,FAIL,3
W050,L1030,0,3,PASS,1
W050,L1030,0,4,PASS,1
W050,L1030,1,0,PASS,1
W050,L1030,1,1,PASS,1
W050,L1030,1,2,PASS,1
W050,L1030,1,3,PASS,1
W050,L1030,1,4,PASS,1
W050,L1030,2,0,PASS,1
W050,L1030,2,1,PASS,1
W050,L1030,2,2,PASS,1
W050,L1030,2,3,PASS,1
W050,L1030,2,4,PASS,1
W050,L1030,3,0,PASS,1
W050,L1030,3,1,PASS,1
W050,L1030,3,2,FAIL,3
W050,L1030,3,3,PASS,1
W050,L1030,3,4,PASS,1
W050,L1030,4,0,PASS,1
W050,L1030,4,1,PASS,1
W050,L1030,4,2,PASS,1
W050,L1030,4,3,PASS,1
W050,L1030,4,4,PASS,1
W051,L1031,0,0,PASS,1
W051,L1031,0,1,PASS,1
W051,L1031,0,2,PASS,1
W051,L1031,0,3,FAIL,3
W051,L1031,0,4,PASS,1
W051,L1031,1,0,PASS,1
W051,L1031,1,1,PASS,1
W051,L1031,1,2,FAIL,4
W051,L1031,1,3,FAIL,4
W051,L1031,1,4,PASS,1
W051,L1031,2,0,FAIL,4
W051,L1031,2,1,PASS,1
W051,L1031,2,2,PASS,1
W051,L1031,2,3,PASS,1
W051,L1031,2,4,FAIL,3
W051,L1031,3,0,FAIL,4
W051,L1031,3,1,PASS,1
W051,L1031,3,2,PASS,1
W051,L1031,3,3,PASS,1
W051,L1031,3,4,PASS,1
W051,L1031,4,0,PASS,1
W051,L1031,4,1,PASS,1
W051,L1031,4,2,PASS,1
W051,L1031,4,3,PASS,1
W051,L1031,4,4,FAIL,3
W052,L1031,0,0,PASS,1
W052,L1031,0,1,PASS,1
W052,L1031,0,2,FAIL,4
W052,L1031,0,3,FAIL,4
W052,L1031,0,4,PASS,1
W052,L1031,1,0,PASS,1
W052,L1031,1,1,FAIL,5
W052,L1031,1,2,PASS,1
W052,L1031,1,3,PASS,1
W052,L1031,1,4,PASS,1
W052,L1031,2,0,FAIL,5
W052,L1031,2,1,FAIL,4
W052,L1031,2,2,FAIL,3
W052,L1031,2,3,PASS,1
W052,L1031,2,4,PASS,1
W052,L1031,3,0,PASS,1
W052,L1031,3,1,PASS,1
W052,L1031,3,2,PASS,1
W052,L1031,3,3,PASS,1
W052,L1031,3,4,FAIL,3
W052,L1031,4,0,FAIL,3
W052,L1031,4,1,FAIL,3
W052,L1031,4,2,PASS,1
W052,L1031,4,3,PASS,1
W052,L1031,4,4,PASS,1
W053,L1031,0,0,FAIL,4
W053,L1031,0,1,PASS,1
W053,L1031,0,2,PASS,1
W053,L1031,0,3,PASS,1
W053,L1031,0,4,PASS,1
W053,L1031,1,0,PASS,1
W053,L1031,1,1,PASS,1
W053,L1031,1,2,PASS,1
W053,L1031,1,3,FAIL,3
W053,L1031,1,4,PASS,1
W053,L1031,2,0,PASS,1
W053,L1031,2,1,PASS,1
W053,L1031,2,2,PASS,1
W053,L1031,2,3,FAIL,4
W053,L1031,2,4,FAIL,3
W053,L1031,3,0,FAIL,4
W053,L1031,3,1,PASS,1
W053,L1031,3,2,PASS,1
W053,L1031,3,3,FAIL,4
W053,L1031,3,4,PASS,1
W053,L1031,4,0,FAIL,5
W053,L1031,4,1,PASS,1
W053,L1031,4,2,PASS,1
W053,L1031,4,3,FAIL,3
W053,L1031,4,4,PASS,1
W054,L1031,0,0,FAIL,4
W054,L1031,0,1,FAIL,5
W054,L1031,0,2,FAIL,4
W054,L1031,0,3,FAIL,5
W054,L1031,0,4,PASS,1
W054,L1031,1,0,PASS,1
W054,L1031,1,1,PASS,1
W054,L1031,1,2,FAIL,4
W054,L1031,1,3,FAIL,4
W054,L1031,1,4,PASS,1
W054,L1031,2,0,FAIL,3
W054,L1031,2,1,PASS,1
W054,L1031,2,2,FAIL,3
W054,L1031,2,3,PASS,1
W054,L1031,2,4,PASS,1
W054,L1031,3,0,PASS,1
W054,L1031,3,1,PASS,1
W054,L1031,3,2,PASS,1
W054,L1031,3,3,FAIL,5
W054,L1031,3,4,FAIL,5
W054,L1031,4,0,FAIL,5
W054,L1031,4,1,PASS,1
W054,L1031,4,2,PASS,1
W054,L1031,4,3,PASS,1
W054,L1031,4,4,PASS,1
W055,L1031,0,0,FAIL,4
W055,L1031,0,1,FAIL,3
W055,L1031,0,2,FAIL,3
W055,L1031,0,3,PASS,1
W055,L1031,0,4,FAIL,4
W055,L1031,1,0,PASS,1
W055,L1031,1,1,PASS,1
W055,L1031,1,2,PASS,1
W055,L1031,1,3,PASS,1
W055,L1031,1,4,PASS,1
W055,L1031,2,0,FAIL,4
W055,L1031,2,1,PASS,1
W055,L1031,2,2,FAIL,5
W055,L1031,2,3,PASS,1
W055,L1031,2,4,FAIL,4
W055,L1031,3,0,PASS,1
W055,L1031,3,1,PASS,1
W055,L1031,3,2,PASS,1
W055,L1031,3,3,PASS,1
W055,L1031,3,4,FAIL,3
W055,L1031,4,0,PASS,1
W055,L1031,4,1,PASS,1
W055,L1031,4,2,PASS,1
W055,L1031,4,3,PASS,1
W055,L1031,4,4,PASS,1
W056,L1032,0,0,PASS,1
W056,L1032,0,1,FAIL,5
W056,L1032,0,2,PASS,1
W056,L1032,0,3,FAIL,4
W056,L1032,0,4,FAIL,3
W056,L1032,1,0,FAIL,4
W056,L1032,1,1,PASS,1
W056,L1032,1,2,PASS,1
W056,L1032,1,3,PASS,1
W056,L1032,1,4,PASS,1
W056,L1032,2,0,FAIL,3
W056,L1032,2,1,PASS,1
W056,L1032,2,2,PASS,1
W056,L1032,2,3,PASS,1
W056,L1032,2,4,FAIL,5
W056,L1032,3,0,PASS,1
W056,L1032,3,1,PASS,1
W056,L1032,3,2,FAIL,5
W056,L1032,3,3,PASS,1
W056,L1032,3,4,PASS,1
W056,L1032,4,0,PASS,1
W056,L1032,4,1,FAIL,3
W056,L1032,4,2,FAIL,5
W056,L1032,4,3,PASS,1
W056,L1032,4,4,FAIL,3
W057,L1032,0,0,FAIL,5
W057,L1032,0,1,FAIL,4
W057,L1032,0,2,PASS,1
W057,L1032,0,3,FAIL,3
W057,L1032,0,4,PASS,1
W057,L1032,1,0,PASS,1
W057,L1032,1,1,PASS,1
W057,L1032,1,2,PASS,1
W057,L1032,1,3,PASS,1
W057,L1032,1,4,PASS,1
W057,L1032,2,0,FAIL,5
W057,L1032,2,1,PASS,1
W057,L1032,2,2,PASS,1
W057,L1032,2,3,FAIL,3
W057,L1032,2,4,FAIL,4
W057,L1032,3,0,PASS,1
W057,L1032,3,1,FAIL,4
W057,L1032,3,2,PASS,1
W057,L1032,3,3,PASS,1
W057,L1032,3,4,PASS,1
W057,L1032,4,0,PASS,1
W057,L1032,4,1,PASS,1
W057,L1032,4,2,FAIL,3
W057,L1032,4,3,PASS,1
W057,L1032,4,4,FAIL,5
W058,L1032,0,0,FAIL,3
W058,L1032,0,1,PASS,1
W058,L1032,0,2,PASS,1
W058,L1032,0,3,PASS,1
W058,L1032,0,4,PASS,1
W058,L1032,1,0,PASS,1
W058,L1032,1,1,PASS,1
W058,L1032,1,2,PASS,1
W058,L1032,1,3,PASS,1
W058,L1032,1,4,FAIL,5
W058,L1032,2,0,PASS,1
W058,L1032,2,1,PASS,1
W058,L1032,2,2,PASS,1
W058,L1032,2,3,PASS,1
W058,L1032,2,4,FAIL,3
W058,L1032,3,0,PASS,1
W058,L1032,3,1,PASS,1
W058,L1032,3,2,PASS,1
W058,L1032,3,3,PASS,1
W058,L1032,3,4,PASS,1
W058,L1032,4,0,FAIL,5
W058,L1032,4,1,FAIL,3
W058,L1032,4,2,FAIL,4
W058,L1032,4,3,PASS,1
W058,L1032,4,4,PASS,1
W059,L1032,0,0,PASS,1
W059,L1032,0,1,PASS,1
W059,L1032,0,2,PASS,1
W059,L1032,0,3,FAIL,4
W059,L1032,0,4,PASS,1
W059,L1032,1,0,FAIL,5
W059,L1032,1,1,PASS,1
W059,L1032,1,2,FAIL,5
W059,L1032,1,3,PASS,1
W059,L1032,1,4,FAIL,3
W059,L1032,2,0,FAIL,3
W059,L1032,2,1,PASS,1
W059,L1032,2,2,PASS,1
W059,L1032,2,3,PASS,1
W059,L1032,2,4,FAIL,5
W059,L1032,3,0,FAIL,5
W059,L1032,3,1,PASS,1
W059,L1032,3,2,PASS,1
W059,L1032,3,3,PASS,1
W059,L1032,3,4,PASS,1
W059,L1032,4,0,PASS,1
W059,L1032,4,1,FAIL,4
W059,L1032,4,2,PASS,1
W059,L1032,4,3,FAIL,5
W059,L1032,4,4,FAIL,5
W060,L1032,0,0,FAIL,5
W060,L1032,0,1,PASS,1
W060,L1032,0,2,PASS,1
W060,L1032,0,3,FAIL,5
W060,L1032,0,4,FAIL,3
W060,L1032,1,0,FAIL,5
W060,L1032,1,1,PASS,1
W060,L1032,1,2,PASS,1
W060,L1032,1,3,PASS,1
W060,L1032,1,4,PASS,1
W060,L1032,2,0,PASS,1
W060,L1032,2,1,FAIL,5
W060,L1032,2,2,PASS,1
W060,L1032,2,3,PASS,1
W060,L1032,2,4,FAIL,3
W060,L1032,3,0,PASS,1
W060,L1032,3,1,PASS,1
W060,L1032,3,2,PASS,1
W060,L1032,3,3,FAIL,3
W060,L1032,3,4,FAIL,4
W060,L1032,4,0,FAIL,3
W060,L1032,4,1,FAIL,3
W060,L1032,4,2,FAIL,5
W060,L1032,4,3,FAIL,4
W060,L1032,4,4,PASS,1
W061,L1033,0,0,FAIL,4
W061,L1033,0,1,FAIL,3
W061,L1033,0,2,FAIL,4
W061,L1033,0,3,FAIL,4
W061,L1033,0,4,FAIL,3
W061,L1033,1,0,FAIL,4
W061,L1033,1,1,PASS,1
W061,L1033,1,2,PASS,1
W061,L1033,1,3,PASS,1
W061,L1033,1,4,PASS,1
W061,L1033,2,0,PASS,1
W061,L1033,2,1,PASS,1
W061,L1033,2,2,PASS,1
W061,L1033,2,3,FAIL,3
W061,L1033,2,4,FAIL,5
W061,L1033,3,0,FAIL,4
W061,L1033,3,1,PASS,1
W061,L1033,3,2,FAIL,4
W061,L1033,3,3,PASS,1
W061,L1033,3,4,PASS,1
W061,L1033,4,0,FAIL,4
W061,L1033,4,1,FAIL,4
W061,L1033,4,2,FAIL,5
W061,L1033,4,3,PASS,1
W061,L1033,4,4,FAIL,3
W062,L1033,0,0,PASS,1
W062,L1033,0,1,FAIL,4
W062,L1033,0,2,PASS,1
W062,L1033,0,3,PASS,1
W062,L1033,0,4,FAIL,4
W062,L1033,1,0,FAIL,5
W062,L1033,1,1,FAIL,5
W062,L1033,1,2,PASS,1
W062,L1033,1,3,PASS,1
W062,L1033,1,4,FAIL,5
W062,L1033,2,0,FAIL,5
W062,L1033,2,1,PASS,1
W062,L1033,2,2,FAIL,3
W062,L1033,2,3,PASS,1
W062,L1033,2,4,PASS,1
W062,L1033,3,0,FAIL,4
W062,L1033,3,1,PASS,1
W062,L1033,3,2,FAIL,5
W062,L1033,3,3,PASS,1
W062,L1033,3,4,FAIL,3
W062,L1033,4,0,FAIL,4
W062,L1033,4,1,PASS,1
W062,L1033,4,2,FAIL,3
W062,L1033,4,3,PASS,1
W062,L1033,4,4,FAIL,4
W063,L1033,0,0,PASS,1
W063,L1033,0,1,FAIL,4
W063,L1033,0,2,PASS,1
W063,L1033,0,3,PASS,1
W063,L1033,0,4,FAIL,4
W063,L1033,1,0,FAIL,5
W063,L1033,1,1,PASS,1
W063,L1033,1,2,PASS,1
W063,L1033,1,3,PASS,1
W063,L1033,1,4,PASS,1
W063,L1033,2,0,FAIL,5
W063,L1033,2,1,FAIL,4
W063,L1033,2,2,PASS,1
W063,L1033,2,3,PASS,1
W063,L1033,2,4,PASS,1
W063,L1033,3,0,PASS,1
W063,L1033,3,1,FAIL,4
W063,L1033,3,2,PASS,1
W063,L1033,3,3,PASS,1
W063,L1033,3,4,PASS,1
W063,L1033,4,0,PASS,1
W063,L1033,4,1,FAIL,3
W063,L1033,4,2,PASS,1
W063,L1033,4,3,FAIL,5
W063,L1033,4,4,PASS,1
W064,L1033,0,0,PASS,1
W064,L1033,0,1,FAIL,5
W064,L1033,0,2,FAIL,5
W064,L1033,0,3,PASS,1
W064,L1033,0,4,FAIL,3
W064,L1033,1,0,FAIL,4
W064,L1033,1,1,FAIL,5
W064,L1033,1,2,FAIL,5
W064,L1033,1,3,PASS,1
W064,L1033,1,4,PASS,1
W064,L1033,2,0,PASS,1
W064,L1033,2,1,PASS,1
W064,L1033,2,2,FAIL,3
W064,L1033,2,3,PASS,1
W064,L1033,2,4,FAIL,5
W064,L1033,3,0,FAIL,4
W064,L1033,3,1,PASS,1
W064,L1033,3,2,FAIL,5
W064,L1033,3,3,PASS,1
W064,L1033,3,4,FAIL,5
W064,L1033,4,0,PASS,1
W064,L1033,4,1,PASS,1
W064,L1033,4,2,FAIL,4
W064,L1033,4,3,FAIL,3
W064,L1033,4,4,FAIL,4
W065,L1033,0,0,FAIL,4
W065,L1033,0,1,PASS,1
W065,L1033,0,2,PASS,1
W065,L1033,0,3,PASS,1
W065,L1033,0,4,FAIL,4
W065,L1033,1,0,FAIL,5
W065,L1033,1,1,PASS,1
W065,L1033,1,2,FAIL,5
W065,L1033,1,3,PASS,1
W065,L1033,1,4,PASS,1
W065,L1033,2,0,FAIL,4
W065,L1033,2,1,PASS,1
W065,L1033,2,2,PASS,1
W065,L1033,2,3,PASS,1
W065,L1033,2,4,FAIL,5
W065,L1033,3,0,FAIL,4
W065,L1033,3,1,PASS,1
W065,L1033,3,2,PASS,1
W065,L1033,3,3,FAIL,5
W065,L1033,3,4,FAIL,5
W065,L1033,4,0,PASS,1
W065,L1033,4,1,FAIL,5
W065,L1033,4,2,PASS,1
W065,L1033,4,3,FAIL,3
W065,L1033,4,4,PASS,1
W066,L1034,0,0,FAIL,5
W066,L1034,0,1,FAIL,3
W066,L1034,0,2,FAIL,5
W066,L1034,0,3,FAIL,5
W066,L1034,0,4,PASS,1
W066,L1034,1,0,FAIL,5
W066,L1034,1,1,PASS,1
W066,L1034,1,2,FAIL,5
W066,L1034,1,3,PASS,1
W066,L1034,1,4,PASS,1
W066,L1034,2,0,FAIL,3
W066,L1034,2,1,PASS,1
W066,L1034,2,2,PASS,1
W066,L1034,2,3,PASS,1
W066,L1034,2,4,FAIL,3
W066,L1034,3,0,PASS,1
W066,L1034,3,1,FAIL,5
W066,L1034,3,2,PASS,1
W066,L1034,3,3,PASS,1
W066,L1034,3,4,PASS,1
W066,L1034,4,0,FAIL,3
W066,L1034,4,1,PASS,1
W066,L1034,4,2,FAIL,4
W066,L1034,4,3,PASS,1
W066,L1034,4,4,FAIL,5
W067,L1034,0,0,PASS,1
W067,L1034,0,1,PASS,1
W067,L1034,0,2,PASS,1
W067,L1034,0,3,FAIL,5
W067,L1034,0,4,FAIL,4
W067,L1034,1,0,FAIL,5
W067,L1034,1,1,PASS,1
W067,L1034,1,2,PASS,1
W067,L1034,1,3,PASS,1
W067,L1034,1,4,PASS,1
W067,L1034,2,0,FAIL,3
W067,L1034,2,1,PASS,1
W067,L1034,2,2,PASS,1
W067,L1034,2,3,PASS,1
W067,L1034,2,4,FAIL,5
W067,L1034,3,0,FAIL,5
W067,L1034,3,1,PASS,1
W067,L1034,3,2,PASS,1
W067,L1034,3,3,PASS,1
W067,L1034,3,4,FAIL,5
W067,L1034,4,0,PASS,1
W067,L1034,4,1,PASS,1
W067,L1034,4,2,PASS,1
W067,L1034,4,3,FAIL,3
W067,L1034,4,4,FAIL,3
W068,L1034,0,0,FAIL,3
W068,L1034,0,1,FAIL,3
W068,L1034,0,2,FAIL,4
W068,L1034,0,3,FAIL,4
W068,L1034,0,4,PASS,1
W068,L1034,1,0,FAIL,5
W068,L1034,1,1,PASS,1
W068,L1034,1,2,PASS,1
W068,L1034,1,3,PASS,1
W068,L1034,1,4,FAIL,5
W068,L1034,2,0,FAIL,4
W068,L1034,2,1,FAIL,5
W068,L1034,2,2,PASS,1
W068,L1034,2,3,PASS,1
W068,L1034,2,4,PASS,1
W068,L1034,3,0,FAIL,3
W068,L1034,3,1,PASS,1
W068,L1034,3,2,PASS,1
W068,L1034,3,3,PASS,1
W068,L1034,3,4,FAIL,3
W068,L1034,4,0,FAIL,4
W068,L1034,4,1,PASS,1
W068,L1034,4,2,FAIL,4
W068,L1034,4,3,PASS,1
W068,L1034,4,4,PASS,1
W069,L1034,0,0,PASS,1
W069,L1034,0,1,PASS,1
W069,L1034,0,2,PASS,1
W069,L1034,0,3,PASS,1
W069,L1034,0,4,PASS,1
W069,L1034,1,0,FAIL,3
W069,L1034,1,1,PASS,1
W069,L1034,1,2,PASS,1
W069,L1034,1,3,PASS,1
W069,L1034,1,4,PASS,1
W069,L1034,2,0,FAIL,5
W069,L1034,2,1,PASS,1
W069,L1034,2,2,FAIL,5
W069,L1034,2,3,FAIL,4
W069,L1034,2,4,PASS,1
W069,L1034,3,0,FAIL,5
W069,L1034,3,1,FAIL,5
W069,L1034,3,2,PASS,1
W069,L1034,3,3,PASS,1
W069,L1034,3,4,FAIL,3
W069,L1034,4,0,FAIL,5
W069,L1034,4,1,FAIL,5
W069,L1034,4,2,FAIL,4
W069,L1034,4,3,PASS,1
W069,L1034,4,4,FAIL,3
W070,L1034,0,0,FAIL,3
W070,L1034,0,1,PASS,1
W070,L1034,0,2,FAIL,3
W070,L1034,0,3,FAIL,5
W070,L1034,0,4,FAIL,3
W070,L1034,1,0,PASS,1
W070,L1034,1,1,FAIL,4
W070,L1034,1,2,FAIL,4
W070,L1034,1,3,FAIL,3
W070,L1034,1,4,PASS,1
W070,L1034,2,0,PASS,1
W070,L1034,2,1,PASS,1
W070,L1034,2,2,PASS,1
W070,L1034,2,3,PASS,1
W070,L1034,2,4,FAIL,4
W070,L1034,3,0,FAIL,5
W070,L1034,3,1,PASS,1
W070,L1034,3,2,PASS,1
W070,L1034,3,3,FAIL,4
W070,L1034,3,4,FAIL,5
W070,L1034,4,0,FAIL,3
W070,L1034,4,1,PASS,1
W070,L1034,4,2,FAIL,3
W070,L1034,4,3,PASS,1
W070,L1034,4,4,PASS,1
W071,L1035,0,0,FAIL,5
W071,L1035,0,1,FAIL,5
W071,L1035,0,2,FAIL,3
W071,L1035,0,3,FAIL,4
W071,L1035,0,4,FAIL,3
W071,L1035,1,0,PASS,1
W071,L1035,1,1,PASS,1
W071,L1035,1,2,FAIL,5
W071,L1035,1,3,PASS,1
W071,L1035,1,4,PASS,1
W071,L1035,2,0,PASS,1
W071,L1035,2,1,FAIL,3
W071,L1035,2,2,FAIL,5
W071,L1035,2,3,FAIL,5
W071,L1035,2,4,FAIL,3
W071,L1035,3,0,FAIL,3
W071,L1035,3,1,PASS,1
W071,L1035,3,2,FAIL,3
W071,L1035,3,3,PASS,1
W071,L1035,3,4,PASS,1
W071,L1035,4,0,FAIL,4
W071,L1035,4,1,FAIL,5
W071,L1035,4,2,FAIL,5
W071,L1035,4,3,FAIL,5
W071,L1035,4,4,PASS,1
W072,L1035,0,0,FAIL,3
W072,L1035,0,1,PASS,1
W072,L1035,0,2,FAIL,4
W072,L1035,0,3,FAIL,3
W072,L1035,0,4,FAIL,5
W072,L1035,1,0,PASS,1
W072,L1035,1,1,PASS,1
W072,L1035,1,2,PASS,1
W072,L1035,1,3,PASS,1
W072,L1035,1,4,FAIL,4
W072,L1035,2,0,PASS,1
W072,L1035,2,1,PASS,1
W072,L1035,2,2,PASS,1
W072,L1035,2,3,PASS,1
W072,L1035,2,4,FAIL,3
W072,L1035,3,0,FAIL,3
W072,L1035,3,1,PASS,1
W072,L1035,3,2,PASS,1
W072,L1035,3,3,PASS,1
W072,L1035,3,4,FAIL,5
W072,L1035,4,0,FAIL,4
W072,L1035,4,1,PASS,1
W072,L1035,4,2,FAIL,4
W072,L1035,4,3,FAIL,3
W072,L1035,4,4,FAIL,4
W073,L1035,0,0,FAIL,5
W073,L1035,0,1,FAIL,4
W073,L1035,0,2,PASS,1
W073,L1035,0,3,FAIL,5
W073,L1035,0,4,PASS,1
W073,L1035,1,0,FAIL,4
W073,L1035,1,1,PASS,1
W073,L1035,1,2,PASS,1
W073,L1035,1,3,PASS,1
W073,L1035,1,4,FAIL,5
W073,L1035,2,0,FAIL,5
W073,L1035,2,1,FAIL,3
W073,L1035,2,2,PASS,1
W073,L1035,2,3,PASS,1
W073,L1035,2,4,PASS,1
W073,L1035,3,0,FAIL,3
W073,L1035,3,1,PASS,1
W073,L1035,3,2,FAIL,4
W073,L1035,3,3,PASS,1
W073,L1035,3,4,FAIL,5
W073,L1035,4,0,FAIL,3
W073,L1035,4,1,FAIL,4
W073,L1035,4,2,FAIL,5
W073,L1035,4,3,FAIL,4
W073,L1035,4,4,FAIL,5
W074,L1035,0,0,PASS,1
W074,L1035,0,1,FAIL,5
W074,L1035,0,2,FAIL,4
W074,L1035,0,3,PASS,1
W074,L1035,0,4,FAIL,4
W074,L1035,1,0,FAIL,3
W074,L1035,1,1,PASS,1
W074,L1035,1,2,FAIL,5
W074,L1035,1,3,PASS,1
W074,L1035,1,4,FAIL,4
W074,L1035,2,0,FAIL,3
W074,L1035,2,1,PASS,1
W074,L1035,2,2,PASS,1
W074,L1035,2,3,PASS,1
W074,L1035,2,4,FAIL,5
W074,L1035,3,0,PASS,1
W074,L1035,3,1,PASS,1
W074,L1035,3,2,PASS,1
W074,L1035,3,3,PASS,1
W074,L1035,3,4,FAIL,5
W074,L1035,4,0,FAIL,3
W074,L1035,4,1,PASS,1
W074,L1035,4,2,FAIL,3
W074,L1035,4,3,FAIL,4
W074,L1035,4,4,FAIL,5
W075,L1035,0,0,PASS,1
W075,L1035,0,1,PASS,1
W075,L1035,0,2,FAIL,3
W075,L1035,0,3,PASS,1
W075,L1035,0,4,FAIL,3
W075,L1035,1,0,FAIL,5
W075,L1035,1,1,FAIL,5
W075,L1035,1,2,FAIL,3
W075,L1035,1,3,PASS,1
W075,L1035,1,4,FAIL,5
W075,L1035,2,0,FAIL,5
W075,L1035,2,1,PASS,1
W075,L1035,2,2,PASS,1
W075,L1035,2,3,FAIL,5
W075,L1035,2,4,FAIL,3
W075,L1035,3,0,FAIL,5
W075,L1035,3,1,FAIL,4
W075,L1035,3,2,FAIL,5
W075,L1035,3,3,PASS,1
W075,L1035,3,4,PASS,1
W075,L1035,4,0,PASS,1
W075,L1035,4,1,FAIL,3
W075,L1035,4,2,FAIL,3
W075,L1035,4,3,FAIL,5
W075,L1035,4,4,FAIL,4
W076,L1036,0,0,FAIL,4
W076,L1036,0,1,FAIL,4
W076,L1036,0,2,FAIL,3
W076,L1036,0,3,PASS,1
W076,L1036,0,4,FAIL,5
W076,L1036,1,0,PASS,1
W076,L1036,1,1,FAIL,5
W076,L1036,1,2,PASS,1
W076,L1036,1,3,FAIL,4
W076,L1036,1,4,FAIL,4
W076,L1036,2,0,FAIL,3
W076,L1036,2,1,PASS,1
W076,L1036,2,2,FAIL,4
W076,L1036,2,3,PASS,1
W076,L1036,2,4,FAIL,3
W076,L1036,3,0,PASS,1
W076,L1036,3,1,PASS,1
W076,L1036,3,2,FAIL,5
W076,L1036,3,3,PASS,1
W076,L1036,3,4,FAIL,3
W076,L1036,4,0,PASS,1
W076,L1036,4,1,FAIL,4
W076,L1036,4,2,PASS,1
W076,L1036,4,3,FAIL,3
W076,L1036,4,4,FAIL,4
W077,L1036,0,0,FAIL,3
W077,L1036,0,1,FAIL,5
W077,L1036,0,2,PASS,1
W077,L1036,0,3,PASS,1
W077,L1036,0,4,FAIL,5
W077,L1036,1,0,FAIL,4
W077,L1036,1,1,PASS,1
W077,L1036,1,2,PASS,1
W077,L1036,1,3,PASS,1
W077,L1036,1,4,FAIL,5
W077,L1036,2,0,FAIL,5
W077,L1036,2,1,PASS,1
W077,L1036,2,2,PASS,1
W077,L1036,2,3,FAIL,3
W077,L1036,2,4,PASS,1
W077,L1036,3,0,FAIL,5
W077,L1036,3,1,PASS,1
W077,L1036,3,2,PASS,1
W077,L1036,3,3,PASS,1
W077,L1036,3,4,FAIL,4
W077,L1036,4,0,FAIL,4
W077,L1036,4,1,FAIL,4
W077,L1036,4,2,FAIL,4
W077,L1036,4,3,FAIL,5
W077,L1036,4,4,FAIL,4
W078,L1036,0,0,FAIL,5
W078,L1036,0,1,FAIL,3
W078,L1036,0,2,FAIL,3
W078,L1036,0,3,FAIL,4
W078,L1036,0,4,FAIL,5
W078,L1036,1,0,FAIL,4
W078,L1036,1,1,FAIL,3
W078,L1036,1,2,FAIL,4
W078,L1036,1,3,PASS,1
W078,L1036,1,4,FAIL,3
W078,L1036,2,0,FAIL,3
W078,L1036,2,1,PASS,1
W078,L1036,2,2,PASS,1
W078,L1036,2,3,PASS,1
W078,L1036,2,4,FAIL,3
W078,L1036,3,0,FAIL,3
W078,L1036,3,1,PASS,1
W078,L1036,3,2,PASS,1
W078,L1036,3,3,PASS,1
W078,L1036,3,4,FAIL,4
W078,L1036,4,0,FAIL,3
W078,L1036,4,1,FAIL,5
W078,L1036,4,2,PASS,1
W078,L1036,4,3,PASS,1
W078,L1036,4,4,FAIL,3
W079,L1036,0,0,FAIL,3
W079,L1036,0,1,FAIL,4
W079,L1036,0,2,FAIL,3
W079,L1036,0,3,FAIL,4
W079,L1036,0,4,FAIL,4
W079,L1036,1,0,FAIL,3
W079,L1036,1,1,PASS,1
W079,L1036,1,2,PASS,1
W079,L1036,1,3,PASS,1
W079,L1036,1,4,FAIL,5
W079,L1036,2,0,FAIL,3
W079,L1036,2,1,FAIL,3
W079,L1036,2,2,PASS,1
W079,L1036,2,3,PASS,1
W079,L1036,2,4,FAIL,4
W079,L1036,3,0,FAIL,4
W079,L1036,3,1,PASS,1
W079,L1036,3,2,PASS,1
W079,L1036,3,3,PASS,1
W079,L1036,3,4,FAIL,4
W079,L1036,4,0,FAIL,5
W079,L1036,4,1,FAIL,4
W079,L1036,4,2,FAIL,4
W079,L1036,4,3,PASS,1
W079,L1036,4,4,FAIL,5
W080,L1036,0,0,FAIL,5
W080,L1036,0,1,FAIL,4
W080,L1036,0,2,FAIL,4
W080,L1036,0,3,FAIL,5
W080,L1036,0,4,FAIL,5
W080,L1036,1,0,FAIL,5
W080,L1036,1,1,FAIL,5
W080,L1036,1,2,PASS,1
W080,L1036,1,3,PASS,1
W080,L1036,1,4,FAIL,4
W080,L1036,2,0,PASS,1
W080,L1036,2,1,FAIL,4
W080,L1036,2,2,PASS,1
W080,L1036,2,3,FAIL,4
W080,L1036,2,4,FAIL,5
W080,L1036,3,0,FAIL,4
W080,L1036,3,1,PASS,1
W080,L1036,3,2,FAIL,5
W080,L1036,3,3,PASS,1
W080,L1036,3,4,FAIL,5
W080,L1036,4,0,PASS,1
W080,L1036,4,1,PASS,1
W080,L1036,4,2,FAIL,3
W080,L1036,4,3,FAIL,4
W080,L1036,4,4,FAIL,5
W081,L1037,0,0,FAIL,3
W081,L1037,0,1,FAIL,3
W081,L1037,0,2,FAIL,4
W081,L1037,0,3,FAIL,5
W081,L1037,0,4,FAIL,5
W081,L1037,1,0,FAIL,4
W081,L1037,1,1,PASS,1
W081,L1037,1,2,FAIL,4
W081,L1037,1,3,FAIL,3
W081,L1037,1,4,FAIL,5
W081,L1037,2,0,FAIL,5
W081,L1037,2,1,PASS,1
W081,L1037,2,2,PASS,1
W081,L1037,2,3,PASS,1
W081,L1037,2,4,FAIL,5
W081,L1037,3,0,FAIL,5
W081,L1037,3,1,FAIL,3
W081,L1037,3,2,PASS,1
W081,L1037,3,3,FAIL,3
W081,L1037,3,4,FAIL,5
W081,L1037,4,0,FAIL,4
W081,L1037,4,1,FAIL,3
W081,L1037,4,2,FAIL,4
W081,L1037,4,3,FAIL,4
W081,L1037,4,4,FAIL,4
W082,L1037,0,0,FAIL,4
W082,L1037,0,1,FAIL,5
W082,L1037,0,2,FAIL,4
W082,L1037,0,3,FAIL,5
W082,L1037,0,4,FAIL,5
W082,L1037,1,0,FAIL,3
W082,L1037,1,1,PASS,1
W082,L1037,1,2,FAIL,4
W082,L1037,1,3,PASS,1
W082,L1037,1,4,FAIL,4
W082,L1037,2,0,FAIL,3
W082,L1037,2,1,PASS,1
W082,L1037,2,2,PASS,1
W082,L1037,2,3,FAIL,5
W082,L1037,2,4,PASS,1
W082,L1037,3,0,FAIL,4
W082,L1037,3,1,PASS,1
W082,L1037,3,2,PASS,1
W082,L1037,3,3,FAIL,5
W082,L1037,3,4,FAIL,3
W082,L1037,4,0,FAIL,5
W082,L1037,4,1,FAIL,4
W082,L1037,4,2,FAIL,3
W082,L1037,4,3,FAIL,4
W082,L1037,4,4,FAIL,5
W083,L1037,0,0,FAIL,4
W083,L1037,0,1,FAIL,5
W083,L1037,0,2,FAIL,4
W083,L1037,0,3,FAIL,5
W083,L1037,0,4,FAIL,5
W083,L1037,1,0,FAIL,4
W083,L1037,1,1,PASS,1
W083,L1037,1,2,PASS,1
W083,L1037,1,3,PASS,1
W083,L1037,1,4,FAIL,3
W083,L1037,2,0,FAIL,3
W083,L1037,2,1,PASS,1
W083,L1037,2,2,FAIL,4
W083,L1037,2,3,PASS,1
W083,L1037,2,4,FAIL,4
W083,L1037,3,0,FAIL,4
W083,L1037,3,1,PASS,1
W083,L1037,3,2,PASS,1
W083,L1037,3,3,PASS,1
W083,L1037,3,4,PASS,1
W083,L1037,4,0,FAIL,4
W083,L1037,4,1,FAIL,3
W083,L1037,4,2,FAIL,4
W083,L1037,4,3,FAIL,4
W083,L1037,4,4,PASS,1
W084,L1037,0,0,FAIL,3
W084,L1037,0,1,FAIL,5
W084,L1037,0,2,FAIL,4
W084,L1037,0,3,FAIL,4
W084,L1037,0,4,FAIL,4
W084,L1037,1,0,FAIL,3
W084,L1037,1,1,PASS,1
W084,L1037,1,2,PASS,1
W084,L1037,1,3,FAIL,3
W084,L1037,1,4,FAIL,5
W084,L1037,2,0,FAIL,4
W084,L1037,2,1,PASS,1
W084,L1037,2,2,PASS,1
W084,L1037,2,3,PASS,1
W084,L1037,2,4,FAIL,5
W084,L1037,3,0,FAIL,5
W084,L1037,3,1,PASS,1
W084,L1037,3,2,PASS,1
W084,L1037,3,3,PASS,1
W084,L1037,3,4,FAIL,5
W084,L1037,4,0,FAIL,3
W084,L1037,4,1,PASS,1
W084,L1037,4,2,FAIL,5
W084,L1037,4,3,FAIL,4
W084,L1037,4,4,FAIL,3
W085,L1037,0,0,FAIL,4
W085,L1037,0,1,FAIL,3
W085,L1037,0,2,FAIL,3
W085,L1037,0,3,FAIL,3
W085,L1037,0,4,FAIL,5
W085,L1037,1,0,FAIL,4
W085,L1037,1,1,PASS,1
W085,L1037,1,2,PASS,1
W085,L1037,1,3,PASS,1
W085,L1037,1,4,FAIL,3
W085,L1037,2,0,FAIL,3
W085,L1037,2,1,PASS,1
W085,L1037,2,2,PASS,1
W085,L1037,2,3,PASS,1
W085,L1037,2,4,FAIL,5
W085,L1037,3,0,FAIL,5
W085,L1037,3,1,FAIL,5
W085,L1037,3,2,PASS,1
W085,L1037,3,3,PASS,1
W085,L1037,3,4,FAIL,4
W085,L1037,4,0,PASS,1
W085,L1037,4,1,PASS,1
W085,L1037,4,2,FAIL,3
W085,L1037,4,3,FAIL,3
W085,L1037,4,4,FAIL,5
W086,L1038,0,0,FAIL,3
W086,L1038,0,1,FAIL,5
W086,L1038,0,2,FAIL,3
W086,L1038,0,3,FAIL,4
W086,L1038,0,4,FAIL,4
W086,L1038,1,0,FAIL,5
W086,L1038,1,1,PASS,1
W086,L1038,1,2,PASS,1
W086,L1038,1,3,PASS,1
W086,L1038,1,4,FAIL,5
W086,L1038,2,0,FAIL,4
W086,L1038,2,1,PASS,1
W086,L1038,2,2,PASS,1
W086,L1038,2,3,PASS,1
W086,L1038,2,4,FAIL,5
W086,L1038,3,0,FAIL,4
W086,L1038,3,1,PASS,1
W086,L1038,3,2,PASS,1
W086,L1038,3,3,PASS,1
W086,L1038,3,4,FAIL,4
W086,L1038,4,0,FAIL,4
W086,L1038,4,1,FAIL,4
W086,L1038,4,2,FAIL,4
W086,L1038,4,3,FAIL,5
W086,L1038,4,4,FAIL,4
W087,L1038,0,0,FAIL,5
W087,L1038,0,1,FAIL,3
W087,L1038,0,2,FAIL,4
W087,L1038,0,3,FAIL,3
W087,L1038,0,4,FAIL,3
W087,L1038,1,0,PASS,1
W087,L1038,1,1,PASS,1
W087,L1038,1,2,PASS,1
W087,L1038,1,3,PASS,1
W087,L1038,1,4,FAIL,4
W087,L1038,2,0,FAIL,4
W087,L1038,2,1,FAIL,4
W087,L1038,2,2,FAIL,4
W087,L1038,2,3,PASS,1
W087,L1038,2,4,FAIL,3
W087,L1038,3,0,FAIL,4
W087,L1038,3,1,PASS,1
W087,L1038,3,2,PASS,1
W087,L1038,3,3,PASS,1
W087,L1038,3,4,FAIL,3
W087,L1038,4,0,FAIL,4
W087,L1038,4,1,FAIL,5
W087,L1038,4,2,FAIL,5
W087,L1038,4,3,FAIL,3
W087,L1038,4,4,FAIL,3
W088,L1038,0,0,PASS,1
W088,L1038,0,1,FAIL,3
W088,L1038,0,2,FAIL,3
W088,L1038,0,3,FAIL,5
W088,L1038,0,4,FAIL,3
W088,L1038,1,0,FAIL,4
W088,L1038,1,1,FAIL,3
W088,L1038,1,2,PASS,1
W088,L1038,1,3,PASS,1
W088,L1038,1,4,FAIL,5
W088,L1038,2,0,FAIL,5
W088,L1038,2,1,FAIL,4
W088,L1038,2,2,PASS,1
W088,L1038,2,3,PASS,1
W088,L1038,2,4,FAIL,4
W088,L1038,3,0,FAIL,4
W088,L1038,3,1,PASS,1
W088,L1038,3,2,FAIL,3
W088,L1038,3,3,FAIL,3
W088,L1038,3,4,FAIL,4
W088,L1038,4,0,FAIL,4
W088,L1038,4,1,FAIL,3
W088,L1038,4,2,FAIL,5
W088,L1038,4,3,FAIL,5
W088,L1038,4,4,FAIL,5
W089,L1038,0,0,FAIL,5
W089,L1038,0,1,FAIL,5
W089,L1038,0,2,FAIL,3
W089,L1038,0,3,FAIL,5
W089,L1038,0,4,FAIL,4
W089,L1038,1,0,FAIL,3
W089,L1038,1,1,PASS,1
W089,L1038,1,2,PASS,1
W089,L1038,1,3,FAIL,4
W089,L1038,1,4,FAIL,4
W089,L1038,2,0,FAIL,3
W089,L1038,2,1,PASS,1
W089,L1038,2,2,PASS,1
W089,L1038,2,3,PASS,1
W089,L1038,2,4,FAIL,3
W089,L1038,3,0,FAIL,5
W089,L1038,3,1,PASS,1
W089,L1038,3,2,PASS,1
W089,L1038,3,3,FAIL,4
W089,L1038,3,4,PASS,1
W089,L1038,4,0,FAIL,3
W089,L1038,4,1,FAIL,3
W089,L1038,4,2,FAIL,3
W089,L1038,4,3,FAIL,4
W089,L1038,4,4,FAIL,5
W090,L1038,0,0,FAIL,4
W090,L1038,0,1,FAIL,4
W090,L1038,0,2,FAIL,5
W090,L1038,0,3,FAIL,3
W090,L1038,0,4,FAIL,4
W090,L1038,1,0,FAIL,3
W090,L1038,1,1,PASS,1
W090,L1038,1,2,FAIL,4
W090,L1038,1,3,PASS,1
W090,L1038,1,4,FAIL,5
W090,L1038,2,0,FAIL,3
W090,L1038,2,1,FAIL,4
W090,L1038,2,2,PASS,1
W090,L1038,2,3,PASS,1
W090,L1038,2,4,FAIL,3
W090,L1038,3,0,FAIL,3
W090,L1038,3,1,PASS,1
W090,L1038,3,2,PASS,1
W090,L1038,3,3,FAIL,5
W090,L1038,3,4,FAIL,3
W090,L1038,4,0,FAIL,5
W090,L1038,4,1,FAIL,3
W090,L1038,4,2,FAIL,4
W090,L1038,4,3,FAIL,5
W090,L1038,4,4,FAIL,4
W091,L1039,0,0,FAIL,4
W091,L1039,0,1,FAIL,3
W091,L1039,0,2,FAIL,3
W091,L1039,0,3,FAIL,4
W091,L1039,0,4,FAIL,3
W091,L1039,1,0,FAIL,5
W091,L1039,1,1,PASS,1
W091,L1039,1,2,PASS,1
W091,L1039,1,3,PASS,1
W091,L1039,1,4,FAIL,5
W091,L1039,2,0,FAIL,3
W091,L1039,2,1,FAIL,3
W091,L1039,2,2,PASS,1
W091,L1039,2,3,PASS,1
W091,L1039,2,4,FAIL,5
W091,L1039,3,0,FAIL,3
W091,L1039,3,1,PASS,1
W091,L1039,3,2,FAIL,3
W091,L1039,3,3,PASS,1
W091,L1039,3,4,FAIL,3
W091,L1039,4,0,FAIL,3
W091,L1039,4,1,FAIL,5
W091,L1039,4,2,FAIL,4
W091,L1039,4,3,FAIL,3
W091,L1039,4,4,FAIL,5
W092,L1039,0,0,FAIL,3
W092,L1039,0,1,FAIL,3
W092,L1039,0,2,FAIL,3
W092,L1039,0,3,FAIL,5
W092,L1039,0,4,FAIL,4
W092,L1039,1,0,FAIL,4
W092,L1039,1,1,PASS,1
W092,L1039,1,2,PASS,1
W092,L1039,1,3,FAIL,3
W092,L1039,1,4,FAIL,3
W092,L1039,2,0,FAIL,4
W092,L1039,2,1,PASS,1
W092,L1039,2,2,FAIL,5
W092,L1039,2,3,FAIL,4
W092,L1039,2,4,FAIL,4
W092,L1039,3,0,FAIL,3
W092,L1039,3,1,PASS,1
W092,L1039,3,2,PASS,1
W092,L1039,3,3,PASS,1
W092,L1039,3,4,FAIL,4
W092,L1039,4,0,FAIL,5
W092,L1039,4,1,FAIL,5
W092,L1039,4,2,FAIL,4
W092,L1039,4,3,FAIL,5
W092,L1039,4,4,FAIL,5
W093,L1039,0,0,FAIL,3
W093,L1039,0,1,FAIL,3
W093,L1039,0,2,FAIL,3
W093,L1039,0,3,FAIL,3
W093,L1039,0,4,FAIL,3
W093,L1039,1,0,FAIL,3
W093,L1039,1,1,PASS,1
W093,L1039,1,2,PASS,1
W093,L1039,1,3,PASS,1
W093,L1039,1,4,FAIL,5
W093,L1039,2,0,FAIL,3
W093,L1039,2,1,PASS,1
W093,L1039,2,2,PASS,1
W093,L1039,2,3,FAIL,5
W093,L1039,2,4,FAIL,4
W093,L1039,3,0,FAIL,3
W093,L1039,3,1,FAIL,4
W093,L1039,3,2,PASS,1
W093,L1039,3,3,PASS,1
W093,L1039,3,4,FAIL,5
W093,L1039,4,0,FAIL,4
W093,L1039,4,1,FAIL,3
W093,L1039,4,2,FAIL,3
W093,L1039,4,3,FAIL,5
W093,L1039,4,4,FAIL,3
W094,L1039,0,0,FAIL,4
W094,L1039,0,1,FAIL,3
W094,L1039,0,2,FAIL,3
W094,L1039,0,3,FAIL,4
W094,L1039,0,4,FAIL,3
W094,L1039,1,0,FAIL,5
W094,L1039,1,1,FAIL,5
W094,L1039,1,2,PASS,1
W094,L1039,1,3,FAIL,4
W094,L1039,1,4,FAIL,5
W094,L1039,2,0,FAIL,4
W094,L1039,2,1,FAIL,3
W094,L1039,2,2,PASS,1
W094,L1039,2,3,FAIL,3
W094,L1039,2,4,FAIL,4
W094,L1039,3,0,FAIL,5
W094,L1039,3,1,PASS,1
W094,L1039,3,2,FAIL,4
W094,L1039,3,3,FAIL,3
W094,L1039,3,4,FAIL,3
W094,L1039,4,0,FAIL,3
W094,L1039,4,1,FAIL,4
W094,L1039,4,2,FAIL,5
W094,L1039,4,3,FAIL,3
W094,L1039,4,4,FAIL,4
W095,L1039,0,0,FAIL,3
W095,L1039,0,1,FAIL,3
W095,L1039,0,2,FAIL,5
W095,L1039,0,3,FAIL,3
W095,L1039,0,4,FAIL,4
W095,L1039,1,0,FAIL,4
W095,L1039,1,1,FAIL,5
W095,L1039,1,2,PASS,1
W095,L1039,1,3,PASS,1
W095,L1039,1,4,FAIL,4
W095,L1039,2,0,FAIL,3
W095,L1039,2,1,FAIL,3
W095,L1039,2,2,FAIL,4
W095,L1039,2,3,PASS,1
W095,L1039,2,4,FAIL,5
W095,L1039,3,0,FAIL,5
W095,L1039,3,1,FAIL,4
W095,L1039,3,2,PASS,1
W095,L1039,3,3,PASS,1
W095,L1039,3,4,FAIL,4
W095,L1039,4,0,FAIL,3
W095,L1039,4,1,FAIL,5
W095,L1039,4,2,FAIL,5
W095,L1039,4,3,FAIL,4
W095,L1039,4,4,FAIL,4
W096,L1040,0,0,FAIL,4
W096,L1040,0,1,FAIL,5
W096,L1040,0,2,FAIL,4
W096,L1040,0,3,FAIL,3
W096,L1040,0,4,FAIL,3
W096,L1040,1,0,FAIL,4
W096,L1040,1,1,FAIL,4
W096,L1040,1,2,PASS,1
W096,L1040,1,3,PASS,1
W096,L1040,1,4,FAIL,3
W096,L1040,2,0,FAIL,5
W096,L1040,2,1,FAIL,5
W096,L1040,2,2,PASS,1
W096,L1040,2,3,PASS,1
W096,L1040,2,4,FAIL,3
W096,L1040,3,0,FAIL,4
W096,L1040,3,1,FAIL,3
W096,L1040,3,2,FAIL,5
W096,L1040,3,3,FAIL,5
W096,L1040,3,4,FAIL,5
W096,L1040,4,0,FAIL,5
W096,L1040,4,1,FAIL,5
W096,L1040,4,2,FAIL,5
W096,L1040,4,3,FAIL,4
W096,L1040,4,4,FAIL,3
W097,L1040,0,0,FAIL,3
W097,L1040,0,1,FAIL,5
W097,L1040,0,2,FAIL,5
W097,L1040,0,3,FAIL,4
W097,L1040,0,4,FAIL,3
W097,L1040,1,0,FAIL,4
W097,L1040,1,1,PASS,1
W097,L1040,1,2,PASS,1
W097,L1040,1,3,PASS,1
W097,L1040,1,4,FAIL,3
W097,L1040,2,0,FAIL,5
W097,L1040,2,1,PASS,1
W097,L1040,2,2,PASS,1
W097,L1040,2,3,PASS,1
W097,L1040,2,4,FAIL,3
W097,L1040,3,0,FAIL,5
W097,L1040,3,1,FAIL,3
W097,L1040,3,2,FAIL,4
W097,L1040,3,3,FAIL,3
W097,L1040,3,4,FAIL,4
W097,L1040,4,0,FAIL,4
W097,L1040,4,1,FAIL,3
W097,L1040,4,2,FAIL,5
W097,L1040,4,3,FAIL,5
W097,L1040,4,4,FAIL,3
W098,L1040,0,0,FAIL,3
W098,L1040,0,1,FAIL,5
W098,L1040,0,2,FAIL,3
W098,L1040,0,3,FAIL,3
W098,L1040,0,4,FAIL,5
W098,L1040,1,0,FAIL,5
W098,L1040,1,1,FAIL,5
W098,L1040,1,2,FAIL,5
W098,L1040,1,3,FAIL,5
W098,L1040,1,4,FAIL,4
W098,L1040,2,0,FAIL,5
W098,L1040,2,1,FAIL,4
W098,L1040,2,2,PASS,1
W098,L1040,2,3,FAIL,3
W098,L1040,2,4,FAIL,5
W098,L1040,3,0,FAIL,4
W098,L1040,3,1,PASS,1
W098,L1040,3,2,FAIL,3
W098,L1040,3,3,PASS,1
W098,L1040,3,4,FAIL,3
W098,L1040,4,0,FAIL,3
W098,L1040,4,1,FAIL,5
W098,L1040,4,2,FAIL,3
W098,L1040,4,3,FAIL,4
W098,L1040,4,4,FAIL,4
W099,L1040,0,0,FAIL,3
W099,L1040,0,1,FAIL,5
W099,L1040,0,2,FAIL,5
W099,L1040,0,3,FAIL,4
W099,L1040,0,4,FAIL,3
W099,L1040,1,0,FAIL,4
W099,L1040,1,1,FAIL,3
W099,L1040,1,2,FAIL,3
W099,L1040,1,3,PASS,1
W099,L1040,1,4,FAIL,3
W099,L1040,2,0,FAIL,3
W099,L1040,2,1,FAIL,5
W099,L1040,2,2,PASS,1
W099,L1040,2,3,PASS,1
W099,L1040,2,4,FAIL,5
W099,L1040,3,0,FAIL,4
W099,L1040,3,1,FAIL,3
W099,L1040,3,2,FAIL,3
W099,L1040,3,3,FAIL,5
W099,L1040,3,4,FAIL,5
W099,L1040,4,0,FAIL,5
W099,L1040,4,1,FAIL,3
W099,L1040,4,2,FAIL,4
W099,L1040,4,3,FAIL,4
W099,L1040,4,4,FAIL,4
W100,L1040,0,0,FAIL,3
W100,L1040,0,1,FAIL,5
W100,L1040,0,2,FAIL,4
W100,L1040,0,3,FAIL,3
W100,L1040,0,4,FAIL,5
W100,L1040,1,0,FAIL,3
W100,L1040,1,1,PASS,1
W100,L1040,1,2,FAIL,4
W100,L1040,1,3,PASS,1
W100,L1040,1,4,FAIL,4
W100,L1040,2,0,FAIL,5
W100,L1040,2,1,FAIL,4
W100,L1040,2,2,PASS,1
W100,L1040,2,3,FAIL,4
W100,L1040,2,4,FAIL,4
W100,L1040,3,0,FAIL,3
W100,L1040,3,1,PASS,1
W100,L1040,3,2,PASS,1
W100,L1040,3,3,FAIL,5
W100,L1040,3,4,FAIL,3
W100,L1040,4,0,FAIL,5
W100,L1040,4,1,FAIL,5
W100,L1040,4,2,FAIL,3
W100,L1040,4,3,FAIL,5
W100,L1040,4,4,FAIL,5
